name,address,city,zip,sra_id,sra
Bonita Vista Middle,650 Otay Lakes Road,Chula Vista,91910,20,SWEETWATER
Bonita Vista Senior High,751 Otay Lakes Road,Chula Vista,91913,20,SWEETWATER
Clear View,455 Windrose Way,Chula Vista,91910,20,SWEETWATER
Tiffany (Burton C.) Elementary,1691 Elmhurst Street,Chula Vista,91913,20,SWEETWATER
McMillin (Corky) Elementary,1201 Santa Cora Avenue,Chula Vista,91913,20,SWEETWATER
Silver Strand Elementary,1350 Leyte Road,Coronado,92118,3,CORONADO
Feaster (Mae L.) Charter,670 Flower Street,Chula Vista,91910,21,CHULA VISTA
Discovery Charter,1100 Camino Biscay,Chula Vista,91910,20,SWEETWATER
Campo Elementary,1654 Buckman Springs Road,Campo,91906,62,MOUNTAIN EMPIRE
Arroyo Vista Charter,2491 School House Road,Chula Vista,91915,20,SWEETWATER
Eastlake Middle,900 Duncan Ranch Road,Chula Vista,91914,20,SWEETWATER
Eastlake High,1120 Eastlake Parkway,Chula Vista,91915,20,SWEETWATER
Hilltop Senior High,555 Claire Avenue,Chula Vista,91910,21,CHULA VISTA
Olympic View Elementary,1220 South Greensview Drive,Chula Vista,91915,20,SWEETWATER
Chula Vista Hills Elementary,980 Buena Vista Way,Chula Vista,91910,20,SWEETWATER
Vista Square Elementary,540 G Street,Chula Vista,91910,21,CHULA VISTA
Chula Vista Middle,415 Fifth Avenue,Chula Vista,91910,21,CHULA VISTA
Heritage Elementary,1450 Santa Lucia Road,Chula Vista,91913,20,SWEETWATER
Rancho del Rey Middle,1174 East J Street,Chula Vista,91910,20,SWEETWATER
Otay Ranch Senior High,1250 Olympic Parkway,Chula Vista,91913,20,SWEETWATER
Casillas (Joseph) Elementary,1130 East J Street,Chula Vista,91910,20,SWEETWATER
Hedenkamp (Anne and William) Elementary,930 East Palomar,Chula Vista,91913,20,SWEETWATER
Mueller Charter (Robert L.),715 I Street,Chula Vista,91910,21,CHULA VISTA
Hillside Junior/Senior High,3305 Buckman Springs Road,Pine Valley,91962,62,MOUNTAIN EMPIRE
Campo High (Continuation),3305 Buckman Springs Road,Pine Valley,91962,62,MOUNTAIN EMPIRE
Rogers (Greg) Elementary,510 East Naples Street,Chula Vista,91911,20,SWEETWATER
Torrey Pines Elementary,8350 Cliffridge Avenue,La Jolla,92037,11,COASTAL
Preuss School UCSD,9500 Gilman Drive,La Jolla,92093,12,UNIVERSITY
Blossom Valley Elementary,9863 Oakmont Terrace,El Cajon,92021,37,HARBISON CREST
Lindo Park Elementary,12824 Lakeshore Drive,Lakeside,92040,36,LAKESIDE
Santana High,9915 North Magnolia Avenue,Santee,92071,35,SANTEE
Descanso Elementary,24842 Viejas Boulevard,Descanso,91916,61,LAGUNA-PINE VALLEY
Standley Middle,6298 Radcliffe Drive,San Diego,92122,12,UNIVERSITY
Lakeside Middle,11833 Woodside Avenue,Lakeside,92040,36,LAKESIDE
Tierra del Sol Middle,9611 Petite Lane,Lakeside,92040,36,LAKESIDE
Hill Creek Elementary,9665 Jeremy Street,Santee,92071,35,SANTEE
Spreckels Elementary,6033 Stadium Street,San Diego,92122,12,UNIVERSITY
Rio Seco Elementary,9545 Cuyamaca Street,Santee,92071,35,SANTEE
Lemon Crest Elementary,12463 Lemon Crest Drive,Lakeside,92040,36,LAKESIDE
West Hills High,8756 Mast Boulevard,Santee,92071,35,SANTEE
Santee Success Program,10280 North Magnolia Avenue,Santee,92071,35,SANTEE
Carlton Hills Elementary,9353 Pike Road,Santee,92071,35,SANTEE
Riverview Elementary,9308 Winter Gardens Boulevard,Lakeside,92040,36,LAKESIDE
Carlton Oaks Elementary,9353 Wethersfield Road,Santee,92071,35,SANTEE
Walker Elementary,9225 Hillery Drive,San Diego,92126,13,DEL MAR-MIRA MESA
Mira Mesa High,10510 Marauder Way,San Diego,92126,13,DEL MAR-MIRA MESA
Miramar Ranch Elementary,10770 Red Cedar Drive,San Diego,92131,15,POWAY
Scripps Ranch High,10410 Falcon Way,San Diego,92131,15,POWAY
Jerabek Elementary,10050 Avenida Magnifica,San Diego,92131,15,POWAY
Wangenheim Middle,9230 Gold Coast Drive,San Diego,92126,13,DEL MAR-MIRA MESA
Mason Elementary,10340 San Ramon Drive,San Diego,92126,13,DEL MAR-MIRA MESA
River Valley Charter,9707 1/2 Marilla Drive,Lakeside,92040,36,LAKESIDE
Barona Indian Charter,1095 Barona Road,Lakeside,92040,36,LAKESIDE
Fletcher Elementary,7666 Bobolink Way,San Diego,92123,10,KEARNY MESA
Longfellow K-8,5055 July Street,San Diego,92110,10,KEARNY MESA
Hearst Elementary,6230 Del Cerro Boulevard,San Diego,92120,17,ELLIOTT-NAVAJO
Anza Elementary,1005 South Anza Street,El Cajon,92020,34,EL CAJON
Cajon Valley Home,2962 Jamul Drive,El Cajon,92019,30,JAMUL
Chase Avenue Elementary,195 East Chase Avenue,El Cajon,92020,34,EL CAJON
Emerald Middle,1221 South Emerald Avenue,El Cajon,92020,34,EL CAJON
Carson Elementary,6905 Kramer Street,San Diego,92111,10,KEARNY MESA
Hardy Elementary,5420 Montezuma Road,San Diego,92115,6,MID-CITY
Vista Grande Elementary,1908 Vista Grande Road,El Cajon,92019,34,EL CAJON
Adams Elementary,4672 35th Street,San Diego,92116,6,MID-CITY
Garfield Elementary,4487 Oregon Street,San Diego,92116,1,CENTRAL SAN DIEGO
Franklin Elementary,4481 Copeland Avenue,San Diego,92116,6,MID-CITY
Fay Elementary,4080 52nd Street,San Diego,92105,6,MID-CITY
Birney Elementary,4345 Campus Avenue,San Diego,92103,1,CENTRAL SAN DIEGO
Barnard Elementary,2445 Fogg Street,San Diego,92109,11,COASTAL
Euclid Elementary,4166 Euclid Avenue,San Diego,92105,6,MID-CITY
Edison Elementary,4077 35th Street,San Diego,92104,6,MID-CITY
Central Elementary,4063 Polk Avenue,San Diego,92105,6,MID-CITY
Grant K-8,1425 Washington Place,San Diego,92103,1,CENTRAL SAN DIEGO
Florence Elementary,3914 First Avenue,San Diego,92103,1,CENTRAL SAN DIEGO
Dewey Elementary,3251 Rosecrans Street,San Diego,92110,2,PENINSULA
Jefferson Elementary,3770 Utah Street,San Diego,92104,1,CENTRAL SAN DIEGO
Darnall Charter,6020 Hughes Street,San Diego,92115,6,MID-CITY
Marshall Elementary,3550 Altadena Avenue,San Diego,92105,6,MID-CITY
Loma Portal Elementary,3341 Browning Street,San Diego,92106,2,PENINSULA
El Capitan High,10410 Ashwood Street,Lakeside,92040,36,LAKESIDE
Lakeside Farms Elementary,11915 Lakeside Avenue,Lakeside,92040,36,LAKESIDE
Cajon Park Elementary,10300 Magnolia Avenue,Santee,92071,35,SANTEE
Santee Alternative,10250 El Nopal,Santee,92071,35,SANTEE
Doyle Elementary,3950 Berino Court,San Diego,92122,12,UNIVERSITY
Sycamore Canyon Elementary,10201 Settle Road,Santee,92071,35,SANTEE
University City High,6949 Genesee Avenue,San Diego,92122,12,UNIVERSITY
Pacific Beach Elementary,1234 Tourmaline Street,San Diego,92109,11,COASTAL
Clairemont High,4150 Ute Drive,San Diego,92117,10,KEARNY MESA
Marston Middle,3799 Clairemont Drive,San Diego,92117,10,KEARNY MESA
Hancock Elementary,3303 Taussig Street,San Diego,92124,17,ELLIOTT-NAVAJO
Grossmont Middle College High,8800 Grossmont College Drive,El Cajon,92020,35,SANTEE
Audeo Charter,10170 Huennekens Street,San Diego,92121,13,DEL MAR-MIRA MESA
Wegeforth Elementary,3443 Ediwhar Avenue,San Diego,92123,10,KEARNY MESA
Dailard Elementary,6425 Cibola Road,San Diego,92120,17,ELLIOTT-NAVAJO
Crest Elementary,2000 Suncrest Boulevard,El Cajon,92021,37,HARBISON CREST
Pacific Beach Middle,4676 Ingraham Street,San Diego,92109,11,COASTAL
Toler Elementary,3350 Baker Street,San Diego,92117,10,KEARNY MESA
Taft Middle,9191 Gramercy Drive,San Diego,92123,10,KEARNY MESA
Pershing Middle,8204 San Carlos Drive,San Diego,92119,17,ELLIOTT-NAVAJO
Fletcher Hills Elementary,2330 Center Place,El Cajon,92020,34,EL CAJON
Granite Hills High,1719 East Madison Avenue,El Cajon,92019,34,EL CAJON
El Cajon Valley High,1035 East Madison Avenue,El Cajon,92021,34,EL CAJON
Lewis Middle,5170 Greenbrier Avenue,San Diego,92120,17,ELLIOTT-NAVAJO
Henry High,6702 Wandermere Drive,San Diego,92120,17,ELLIOTT-NAVAJO
Green Elementary,7030 Wandermere Place,San Diego,92119,17,ELLIOTT-NAVAJO
Benchley/Weinberger Elementary,6269 Twin Lake Drive,San Diego,92119,17,ELLIOTT-NAVAJO
Juarez Elementary,2633 Melbourne Drive,San Diego,92123,10,KEARNY MESA
Parkway Sports and Health Science Academy,9009 Park Plaza Drive,La Mesa,91942,33,LA MESA
Northmont Elementary,9405 Gregory Street,La Mesa,91942,33,LA MESA
Montgomery Middle,2470 Ulric Street,San Diego,92111,10,KEARNY MESA
Murray Manor Elementary,8305 El Paso Street,La Mesa,91942,33,LA MESA
Grossmont High,1100 Murray Drive,La Mesa,91944,34,EL CAJON
Maryland Avenue Elementary,5400 Maryland Avenue,La Mesa,91941,33,LA MESA
Twain High,6402 Linda Vista Road,San Diego,92111,10,KEARNY MESA
Harriet Tubman Village Charter,6880 Mohawk Street,San Diego,92115,6,MID-CITY
Language Academy,4961 64th Street,San Diego,92115,6,MID-CITY
Lemon Avenue Elementary,8787 Lemon Avenue,La Mesa,91941,33,LA MESA
Rolando Elementary,6925 Tower Street,La Mesa,91941,33,LA MESA
Fuerte Elementary,11625 Fuerte Drive,El Cajon,92020,31,SPRING VALLEY
Valhalla High,1725 Hillsdale Road,El Cajon,92019,31,SPRING VALLEY
Foothill Oak Elementary,1370 Oak Drive,Vista,92084,52,VISTA
Calavera Hills Middle,4104 Tamarack Avenue,Carlsbad,92008,41,CARLSBAD
San Elijo Middle,1600 Schoolhouse Way,San Marcos,92078,51,SAN MARCOS
Mission Hills High,1 Mission Hills Court,San Marcos,92069,51,SAN MARCOS
San Onofre Elementary,200 Pate Road,San Clemente,92672,43,PENDLETON
William H. Frazier Elementary,1835 Gum Tree Lane,Fallbrook,92028,55,FALLBROOK
La Paloma Elementary,300 Heald Lane,Fallbrook,92028,55,FALLBROOK
Fallbrook STEM Academy,405 West Fallbrook Street,Fallbrook,92028,55,FALLBROOK
Live Oak Elementary,1978 Reche Road,Fallbrook,92028,55,FALLBROOK
James E. Potter Intermediate,1743 Reche Road,Fallbrook,92028,55,FALLBROOK
Oasis High (Alternative),2208 South Stage Coach Lane,Fallbrook,92028,55,FALLBROOK
Ivy High (Continuation),1056 Winterhaven Road,Fallbrook,92028,55,FALLBROOK
Fallbrook High,2400 South Stage Coach Lane,Fallbrook,92028,55,FALLBROOK
Mary Fay Pendleton Elementary,110 Marine Drive,Oceanside,92054,43,PENDLETON
Pauma Elementary,33158 Cole Grade Road,Pauma Valley,92061,54,PAUMA
Valley Center High,31322 Cole Grade Road,Valley Center,92082,53,VALLEY CENTER
Valley Center Prep,28751-U Cole Grade Road,Valley Center,92082,53,VALLEY CENTER
Oak Glen High,14172 West Oak Glen Road,Valley Center,92082,53,VALLEY CENTER
Warner Elementary,30951 Highway 79,Warner Springs,92086,60,PALOMAR-JULIAN
Warner Junior/Senior High,30951 Highway 79,Warner Springs,92086,60,PALOMAR-JULIAN
Borrego Springs High,2281 Diegueno Road,Borrego Springs,92004,63,ANZA-BORREGO SPRINGS
Washington Elementary,1789 State Street,San Diego,92101,1,CENTRAL SAN DIEGO
Rowan Elementary,1755 Rowan Street,San Diego,92105,6,MID-CITY
Webster Elementary,4801 Elm Street,San Diego,92102,6,MID-CITY
San Altos Elementary,1750 Madera Street,Lemon Grove,91945,32,LEMON GROVE
Monterey Heights Elementary,7550 Canton Drive,Lemon Grove,91945,32,LEMON GROVE
Oak Grove Middle,14344 Olive Vista Drive,Jamul,91935,30,JAMUL
Greater San Diego Academy,14545 Lyons Valley Road,Jamul,91935,30,JAMUL
Mount Miguel High,8585 Blossom Lane,Spring Valley,91977,32,LEMON GROVE
Avondale Elementary,8401 Stansbury Street,Spring Valley,91977,32,LEMON GROVE
Millennial Tech Middle,1110 Carolina Lane,San Diego,92102,5,SOUTHEASTERN SAN DIEGO
Chollas/Mead Elementary,401 North 45th Street,San Diego,92102,5,SOUTHEASTERN SAN DIEGO
Kempton Street Literacy Academy,740 Kempton Street,Spring Valley,91977,31,SPRING VALLEY
King-Chavez Arts and Athletics Academy,415 31st Street,San Diego,92102,1,CENTRAL SAN DIEGO
Sherman Elementary,301 22nd Street,San Diego,92102,1,CENTRAL SAN DIEGO
Kimbrough Elementary,321 Hoitt Street,San Diego,92102,1,CENTRAL SAN DIEGO
La Presa Elementary,519 La Presa Street,Spring Valley,91977,31,SPRING VALLEY
Rancho Elementary,8845 Noeline Avenue,Spring Valley,91977,5,SOUTHEASTERN SAN DIEGO
The O'Farrell Charter,6130 Skyline Drive,San Diego,92114,5,SOUTHEASTERN SAN DIEGO
Valencia Park Elementary,5880 Skyline Drive,San Diego,92114,5,SOUTHEASTERN SAN DIEGO
Perkins K-8,1770 Main Street,San Diego,92113,1,CENTRAL SAN DIEGO
King-Chavez Academy of Excellence,2716 Marcy Avenue,San Diego,92113,1,CENTRAL SAN DIEGO
Morse High,6905 Skyline Drive,San Diego,92114,5,SOUTHEASTERN SAN DIEGO
Nye Elementary,981 Valencia Parkway,San Diego,92114,5,SOUTHEASTERN SAN DIEGO
Coronado Middle,550 F Avenue,Coronado,92118,3,CORONADO
Coronado High,650 D Avenue,Coronado,92118,3,CORONADO
Chavez Elementary,1404 South 40th Street,San Diego,92105,5,SOUTHEASTERN SAN DIEGO
Bethune K-8,6835 Benjamin Holt Road,San Diego,92114,5,SOUTHEASTERN SAN DIEGO
Bell Middle,620 Briarwood Road,San Diego,92139,5,SOUTHEASTERN SAN DIEGO
Rancho de la Nacion,1830 East Division Street,National City,91950,4,NATIONAL CITY
Integrity Charter,701 National City Boulevard,National City,91950,4,NATIONAL CITY
El Toyon Elementary,2000 East Division Street,National City,91950,4,NATIONAL CITY
Balboa Elementary,1844 South 40th Street,San Diego,92113,5,SOUTHEASTERN SAN DIEGO
Ira Harbison,3235 East Eighth Street,National City,91950,4,NATIONAL CITY
Perry Elementary,6290 Oriskany Road,San Diego,92139,5,SOUTHEASTERN SAN DIEGO
Zamorano Elementary,2655 Casey Street,San Diego,92139,5,SOUTHEASTERN SAN DIEGO
Avocado Elementary,3845 Avocado School Road,La Mesa,91941,31,SPRING VALLEY
Correia Middle,4302 Valeta Street,San Diego,92107,2,PENINSULA
Hillsdale Middle,1301 Brabham Street,El Cajon,92019,31,SPRING VALLEY
Rosa Parks Elementary,4510 Landis Street,San Diego,92105,6,MID-CITY
Casa de Oro Elementary,10227 Ramona Drive,Spring Valley,91977,31,SPRING VALLEY
Ocean Beach Elementary,4741 Santa Monica Avenue,San Diego,92107,2,PENINSULA
Clark Middle,4388 Thorn Street,San Diego,92105,6,MID-CITY
Lemon Grove Academy for the Sciences and Humanities,7866 Lincoln Street,Lemon Grove,91945,32,LEMON GROVE
San Diego Cooperative Charter,7260 Linda Vista Road,San Diego,92111,10,KEARNY MESA
Roosevelt International Middle,3366 Park Boulevard,San Diego,92103,1,CENTRAL SAN DIEGO
McKinley Elementary,3045 Felton Street,San Diego,92104,1,CENTRAL SAN DIEGO
Highlands Elementary,3131 South Barcelona Street,Spring Valley,91977,31,SPRING VALLEY
Loma Elementary,10355 Loma Lane,Spring Valley,91978,31,SPRING VALLEY
Monte Vista High,3230 Sweetwater Springs Boulevard,Spring Valley,91977,31,SPRING VALLEY
High Tech Middle,2359 Truxtun Road,San Diego,92106,2,PENINSULA
High Tech High,2861 Womble Road,San Diego,92106,2,PENINSULA
San Miguel Elementary,7059 San Miguel Avenue,Lemon Grove,91945,32,LEMON GROVE
Dana,1775 Chatsworth Boulevard,San Diego,92107,2,PENINSULA
Silver Gate Elementary,1499 Venice Street,San Diego,92107,2,PENINSULA
Mt. Vernon Elementary,8350 Mount Vernon Street,Lemon Grove,91945,32,LEMON GROVE
Oak Park Elementary,2606 54th Street,San Diego,92105,6,MID-CITY
Sweetwater Springs Elementary,10129 Austin Drive,Spring Valley,91977,31,SPRING VALLEY
Mountain Empire High,3305 Buckman Springs Road,Pine Valley,91962,62,MOUNTAIN EMPIRE
San Diego SCPA,2425 Dusk Drive,San Diego,92139,5,SOUTHEASTERN SAN DIEGO
Palmer Way,2900 Palmer Street,National City,91950,4,NATIONAL CITY
Central Elementary,933 E Avenue,National City,91950,4,NATIONAL CITY
Penn Elementary,2797 Utica Drive,San Diego,92139,5,SOUTHEASTERN SAN DIEGO
Sunnyside Elementary,5430 San Miguel Road,Bonita,91902,20,SWEETWATER
Granger Junior High,2101 Granger Avenue,National City,91950,4,NATIONAL CITY
Magnolia Elementary,650 Greenfield Drive,El Cajon,92021,34,EL CAJON
Holmes Elementary,4902 Mount Ararat Drive,San Diego,92111,10,KEARNY MESA
Flying Hills School of Arts,1251 Finch Street,El Cajon,92020,34,EL CAJON
Gage Elementary,6811 Bisby Lake Avenue,San Diego,92119,17,ELLIOTT-NAVAJO
Angier Elementary,8450 Hurlbut Street,San Diego,92123,10,KEARNY MESA
Naranca Elementary,1030 Naranca Avenue,El Cajon,92021,34,EL CAJON
Montgomery Senior High,3250 Palm Avenue,San Diego,92154,22,SOUTH BAY
Sunnyslope Elementary,2500 Elm Avenue,San Diego,92154,22,SOUTH BAY
Juarez-Lincoln Elementary,849 Twining Avenue,San Diego,92154,22,SOUTH BAY
Mar Vista Senior High,505 Elm Avenue,Imperial Beach,91932,22,SOUTH BAY
Silver Wing Elementary,3730 Arey Drive,San Diego,92154,22,SOUTH BAY
Central Elementary,1290 Ebony Avenue,Imperial Beach,91932,22,SOUTH BAY
Howard Pence Elementary,877 Via Tonga Court,San Diego,92154,22,SOUTH BAY
San Ysidro Middle,4345 Otay Mesa Road,San Ysidro,92173,22,SOUTH BAY
Sunset Elementary,3825 Sunset Lane,San Ysidro,92173,22,SOUTH BAY
Rolando Park Elementary,6620 Marlowe Drive,San Diego,92115,6,MID-CITY
Vista La Mesa Academy,3900 Violet Street,La Mesa,91941,33,LA MESA
Cubberley Elementary,3201 Marathon Drive,San Diego,92123,10,KEARNY MESA
Johnson Elementary,500 West Madison,El Cajon,92020,34,EL CAJON
Madison Avenue Elementary,1615 East Madison Avenue,El Cajon,92019,34,EL CAJON
Teofilo Mendoza,2050 Coronado Avenue,San Diego,92154,22,SOUTH BAY
Imperial Beach Charter,650 Imperial Beach Boulevard,Imperial Beach,91932,22,SOUTH BAY
Emory Elementary,1915 Coronado Avenue,San Diego,92154,22,SOUTH BAY
Oneonta Elementary,1311 Tenth Street,Imperial Beach,91932,22,SOUTH BAY
Los Altos Elementary,1332 Kenalan Drive,San Diego,92154,22,SOUTH BAY
Nestor Language Academy Charter,1455 Hollister Street,San Diego,92154,22,SOUTH BAY
Southwest Middle,2710 Iris Street,San Diego,92154,22,SOUTH BAY
Godfrey G. Berry Elementary,2001 Rimbey Street,San Diego,92154,22,SOUTH BAY
Southwest Senior High,1685 Hollister Street,San Diego,92154,22,SOUTH BAY
George Nicoloff Elementary,1777 Howard Avenue,San Ysidro,92173,22,SOUTH BAY
La Mirada Elementary,222 Avenida de la Madrid,San Ysidro,92173,22,SOUTH BAY
Smythe Elementary,1880 Smythe Avenue,San Ysidro,92173,22,SOUTH BAY
Farr Avenue Elementary,933 Farr Avenue,Escondido,92026,50,ESCONDIDO
Reidy Creek Elementary,2869 North Broadway,Escondido,92026,50,ESCONDIDO
Bernardo Elementary,1122 Mountain Heights Drive,Escondido,92029,50,ESCONDIDO
Stone Ranch Elementary,16150 4S Ranch Parkway,San Diego,92127,14,NORTH SAN DIEGO
Oak Valley Middle,16055 Winecreek Road,San Diego,92127,14,NORTH SAN DIEGO
High Tech High International,2855 Farragut Road,San Diego,92106,2,PENINSULA
Canyon Crest Academy,5951 Village Center Loop Road,San Diego,92130,13,DEL MAR-MIRA MESA
Solana Pacific Elementary,3901 Townsgate Drive,San Diego,92130,13,DEL MAR-MIRA MESA
Cajon Valley Middle,550 Park Avenue,El Cajon,92020,34,EL CAJON
Montgomery Middle,1570 Melody Lane,El Cajon,92019,34,EL CAJON
Marvin Elementary,5720 Brunswick Avenue,San Diego,92120,17,ELLIOTT-NAVAJO
Jones Elementary,2751 Greyling Drive,San Diego,92123,10,KEARNY MESA
Crown Point Elementary,4033 Ingraham Street,San Diego,92109,11,COASTAL
Chesterton Elementary,7335 Wheatley Street,San Diego,92111,10,KEARNY MESA
Linda Vista Elementary,2772 Ulric Street,San Diego,92111,10,KEARNY MESA
Foster Elementary,6550 51st Street,San Diego,92120,17,ELLIOTT-NAVAJO
Bay Park Elementary,2433 Denver Street,San Diego,92110,10,KEARNY MESA
Meridian Elementary,651 South Third Street,El Cajon,92019,34,EL CAJON
Point Loma High,2335 Chatsworth Boulevard,San Diego,92106,2,PENINSULA
Carver Elementary,3251 Juanita Street,San Diego,92105,6,MID-CITY
Jamacha Elementary,2962 Jamul Drive,El Cajon,92019,30,JAMUL
Hamilton Elementary,2807 Fairmount Avenue,San Diego,92105,6,MID-CITY
Cabrillo Elementary,3120 Talbot Street,San Diego,92106,2,PENINSULA
Johnson Elementary,1355 Kelton Road,San Diego,92114,5,SOUTHEASTERN SAN DIEGO
Garfield High,1255 16th Street,San Diego,92101,1,CENTRAL SAN DIEGO
Encanto Elementary,822 65th Street,San Diego,92114,5,SOUTHEASTERN SAN DIEGO
Keiller Leadership Academy,7270 Lisbon Street,San Diego,92114,32,LEMON GROVE
Horton Elementary,5050 Guymon Street,San Diego,92102,5,SOUTHEASTERN SAN DIEGO
Audubon K-8,8111 San Vicente,San Diego,92114,5,SOUTHEASTERN SAN DIEGO
Freese Elementary,8140 Greenlawn Drive,San Diego,92114,5,SOUTHEASTERN SAN DIEGO
Fulton K-8,7055 Skyline Drive,San Diego,92114,5,SOUTHEASTERN SAN DIEGO
Burbank Elementary,2146 Julian Avenue,San Diego,92113,1,CENTRAL SAN DIEGO
Baker Elementary,4041 T Street,San Diego,92113,5,SOUTHEASTERN SAN DIEGO
Boone Elementary,7330 Brookhaven Road,San Diego,92114,5,SOUTHEASTERN SAN DIEGO
Knox Middle,1098 South 49th Street,San Diego,92113,5,SOUTHEASTERN SAN DIEGO
Pacific View Leadership Elementary,6196 Childs Avenue,San Diego,92139,5,SOUTHEASTERN SAN DIEGO
Allen (Ella B.) Elementary,4300 Allen School Road,Bonita,91902,20,SWEETWATER
Halecrest Elementary,475 East J Street,Chula Vista,91910,20,SWEETWATER
Hilltop Drive Elementary,30 Murray Street,Chula Vista,91910,21,CHULA VISTA
Hilltop Middle,44 East J Street,Chula Vista,91910,21,CHULA VISTA
Cook (Hazel Goes) Elementary,875 Cuyamaca Avenue,Chula Vista,91911,21,CHULA VISTA
Harborside Elementary,681 Naples Street,Chula Vista,91911,21,CHULA VISTA
MAAC Community Charter,1385 Third Avenue,Chula Vista,91911,21,CHULA VISTA
Rohr (Fred H.) Elementary,1540 Malta Avenue,Chula Vista,91911,21,CHULA VISTA
Montgomery Middle,1051 Picador Boulevard,San Diego,92154,22,SOUTH BAY
San Ysidro High,5353 Airway Road,San Diego,92154,22,SOUTH BAY
Greenfield Middle,1495 Greenfield Drive,El Cajon,92021,34,EL CAJON
Clay Elementary,6506 Solita Avenue,San Diego,92115,6,MID-CITY
EJE Elementary Academy Charter,851 South Johnson Avenue,El Cajon,92020,34,EL CAJON
Borrego Springs Middle,2255 Diegueno Road,Borrego Springs,92004,63,ANZA-BORREGO SPRINGS
Del Rio Elementary,5200 North River Road,Oceanside,92057,42,OCEANSIDE
Reynolds Elementary,4575 Douglas Drive,Oceanside,92057,42,OCEANSIDE
Lilac,30109 Lilac Road,Valley Center,92082,53,VALLEY CENTER
Stuart Mesa Elementary,100 Yamanaka Way,Oceanside,92054,43,PENDLETON
Libby Elementary,423 West Redondo Drive,Oceanside,92057,42,OCEANSIDE
Borrego Springs Elementary,1315 Palm Canyon Drive,Borrego Springs,92004,63,ANZA-BORREGO SPRINGS
Mission Meadows Elementary,5657 Spur Avenue,Oceanside,92057,42,OCEANSIDE
Alamosa Park Elementary,5130 Alamosa Park Drive,Oceanside,92057,42,OCEANSIDE
Valley Center Primary,14249 Fruitvale Road,Valley Center,92082,53,VALLEY CENTER
Roosevelt Middle,850 Sagewood Drive,Oceanside,92057,42,OCEANSIDE
Valley Center Elementary,28751 Cole Grade Road,Valley Center,92082,53,VALLEY CENTER
Santa Margarita Elementary,1 Carnes Road,Oceanside,92054,43,PENDLETON
Guajome Park Academy Charter,2000 North Santa Fe Avenue,Vista,92083,42,OCEANSIDE
Empresa Elementary,4850 Avenida Empresa,Oceanside,92056,42,OCEANSIDE
T.H.E Leadership Academy,1550 Temple Heights Drive,Oceanside,92056,42,OCEANSIDE
Valley Center Middle,28102 North Lake Wohlford Road,Valley Center,92082,53,VALLEY CENTER
Pacific View Charter,3670 Ocean Ranch Boulevard,Oceanside,92056,42,OCEANSIDE
Pablo Tac School of the Arts,3535 Hacienda Drive,Oceanside,92054,42,OCEANSIDE
Vista High,1 Panther Drive,Vista,92084,52,VISTA
Bobier Elementary,220 West Bobier Drive,Vista,92083,52,VISTA
El Camino High,400 Rancho del Oro Drive,Oceanside,92057,42,OCEANSIDE
Ivey Ranch Elementary,4275 Via Rancho Road,Oceanside,92057,42,OCEANSIDE
North Terrace Elementary,141 Santa Rosa Drive,Oceanside,92054,43,PENDLETON
Martin Luther King Jr. Middle,1290 Ivey Ranch Road,Oceanside,92057,42,OCEANSIDE
Jefferson Middle,823 Acacia Street,Oceanside,92054,42,OCEANSIDE
Laurel Elementary,1410 Laurel Street,Oceanside,92054,42,OCEANSIDE
Vista Academy of Visual and Performing Arts,600 North Santa Fe Avenue,Vista,92083,52,VISTA
California Avenue Elementary,215 West California Avenue,Vista,92083,52,VISTA
Mission Elementary,2100 Mission Avenue,Oceanside,92058,42,OCEANSIDE
Rancho Minerva Middle,2245 Foothill Drive,Vista,92084,52,VISTA
Surfside High (Continuation),1125 South Ditmar Street,Oceanside,92056,42,OCEANSIDE
Grapevine Elementary,630 Grapevine Road,Vista,92083,52,VISTA
Christa McAuliffe Elementary,3701 Kelton Drive,Oceanside,92056,42,OCEANSIDE
Beaumont Elementary,550 Beaumont Drive,Vista,92084,52,VISTA
Lincoln Middle,2000 California Street,Oceanside,92054,42,OCEANSIDE
Casita Center for Science/Math/Technology,260 Cedar Drive,Vista,92083,42,OCEANSIDE
Palmquist Elementary,1999 California Street,Oceanside,92054,42,OCEANSIDE
Breeze Hill Elementary,1111 Melrose Way,Vista,92081,52,VISTA
Twin Oaks High,158 Cassou Road,San Marcos,92069,51,SAN MARCOS
Foothills High,158 Cassou Road,San Marcos,92069,51,SAN MARCOS
South Oceanside Elementary,1806 South Horne Street,Oceanside,92054,42,OCEANSIDE
Twin Oaks Elementary,1 Cassou Road,San Marcos,92069,51,SAN MARCOS
Madison Middle,4930 Lake Boulevard,Oceanside,92056,41,CARLSBAD
Lake Elementary,4950 Lake Boulevard,Oceanside,92056,41,CARLSBAD
Hope Elementary,3010 Tamarack Avenue,Carlsbad,92008,41,CARLSBAD
Calavera Hills Elementary,4100 Tamarack Avenue,Carlsbad,92008,41,CARLSBAD
Buena Vista Elementary,1330 Buena Vista Way,Carlsbad,92008,41,CARLSBAD
Carlsbad High,3557 Monroe Street,Carlsbad,92008,41,CARLSBAD
Rancho Buena Vista High,1601 Longhorn Drive,Vista,92081,41,CARLSBAD
North Broadway Elementary,2301 North Broadway,Escondido,92026,50,ESCONDIDO
Magnolia Elementary,1905 Magnolia Avenue,Carlsbad,92008,41,CARLSBAD
Paloma Elementary,660 Camino Magnifico,San Marcos,92069,51,SAN MARCOS
Carlsbad Seaside Academy,3557 Monroe Street,Carlsbad,92008,41,CARLSBAD
Valley Middle,1645 Magnolia Avenue,Carlsbad,92008,41,CARLSBAD
Carlsbad Village Academy,3557 Monroe Street,Carlsbad,92008,41,CARLSBAD
Rincon Middle,925 Lehner Avenue,Escondido,92026,50,ESCONDIDO
Richland Elementary,910 Borden Road,San Marcos,92069,51,SAN MARCOS
Jefferson Elementary,3743 Jefferson Street,Carlsbad,92008,41,CARLSBAD
Woodland Park Middle,1270 Rock Springs Road,San Marcos,92069,51,SAN MARCOS
Kelly Elementary,4885 Kelly Drive,Carlsbad,92008,41,CARLSBAD
San Marcos Middle,650 West Mission Road,San Marcos,92069,51,SAN MARCOS
Conway Elementary,1325 Conway Drive,Escondido,92027,50,ESCONDIDO
Glen View Elementary,2201 East Mission Avenue,Escondido,92027,50,ESCONDIDO
Orange Glen Elementary,2861 Valley Parkway,Escondido,92027,50,ESCONDIDO
La Mirada Academy,3697 La Mirada Drive,San Marcos,92078,51,SAN MARCOS
Escondido High,1535 North Broadway,Escondido,92026,50,ESCONDIDO
Rose Elementary,906 North Rose Avenue,Escondido,92027,50,ESCONDIDO
San Marcos Elementary,1 Tiger Way,San Marcos,92069,51,SAN MARCOS
Knob Hill Elementary,1825 Knob Hill Road,San Marcos,92069,51,SAN MARCOS
Pioneer Elementary,980 North Ash Street,Escondido,92027,50,ESCONDIDO
Rock Springs Elementary,1155 Deodar Road,Escondido,92026,50,ESCONDIDO
Heritage K-8 Charter,1855 East Valley Parkway,Escondido,92027,50,ESCONDIDO
Escondido Charter High,1868 East Valley Parkway,Escondido,92027,50,ESCONDIDO
Lincoln Elementary,1029 North Broadway,Escondido,92026,50,ESCONDIDO
Liberty Elementary,2175 Proctor Valley Road,Chula Vista,91914,20,SWEETWATER
Salt Creek Elementary,1055 Hunte Parkway,Chula Vista,91914,20,SWEETWATER
Sycamore Ridge,5333 Old Carmel Valley Road,San Diego,92130,13,DEL MAR-MIRA MESA
Mission Middle,939 East Mission Avenue,Escondido,92026,50,ESCONDIDO
Hidden Valley Middle,2700 Reed Road,Escondido,92027,50,ESCONDIDO
San Marcos High,1615 San Marcos Boulevard,San Marcos,92078,51,SAN MARCOS
Oak Hill Elementary,1820 Oak Hill Drive,Escondido,92027,50,ESCONDIDO
Discovery Elementary,730 Applewilde Drive,San Marcos,92078,51,SAN MARCOS
Orange Glen High,2200 Glen Ridge Road,Escondido,92027,50,ESCONDIDO
Carrillo Elementary,2875 Poinsettia Lane,Carlsbad,92009,41,CARLSBAD
Bear Valley Middle,3003 Bear Valley Parkway,Escondido,92025,50,ESCONDIDO
Valley High (Continuation),410 North Hidden Trails Road,Escondido,92027,50,ESCONDIDO
Central Elementary,122 West Fourth Avenue,Escondido,92025,50,ESCONDIDO
Pacific Rim Elementary,1100 Camino de las Ondas,Carlsbad,92009,41,CARLSBAD
Aviara Oaks Elementary,6900 Ambrosia Lane,Carlsbad,92009,41,CARLSBAD
Aviara Oaks Middle,6880 Ambrosia Lane,Carlsbad,92009,41,CARLSBAD
Felicita Elementary,737 West 13th Avenue,Escondido,92027,50,ESCONDIDO
Juniper Elementary,1809 South Juniper Street,Escondido,92025,50,ESCONDIDO
La Costa Meadows Elementary,6889 El Fuerte Street,Carlsbad,92009,41,CARLSBAD
Miller Elementary,1975 Miller Avenue,Escondido,92025,50,ESCONDIDO
Spencer Valley Elementary,4414 Highway 78 and 79,Santa Ysabel,92070,60,PALOMAR-JULIAN
San Pasqual Union Elementary,15305 Rockwood Road,Escondido,92027,50,ESCONDIDO
L. R. Green Elementary,3115 Las Palmas Avenue,Escondido,92025,50,ESCONDIDO
Bancroft Elementary,8805 Tyler Street,Spring Valley,91977,31,SPRING VALLEY
Jamul Elementary,14567 Lyons Valley Road,Jamul,91935,30,JAMUL
Steele Canyon High,12440 Campo Road,Spring Valley,92019,30,JAMUL
McGill School of Success,3025 Fir Street,San Diego,92102,1,CENTRAL SAN DIEGO
Sunset View Elementary,4365 Hill Street,San Diego,92107,2,PENINSULA
Museum,211 Maple Street,San Diego,92103,1,CENTRAL SAN DIEGO
Paradise Hills Elementary,5816 Alleghany Street,San Diego,92139,5,SOUTHEASTERN SAN DIEGO
La Costa Heights Elementary,3035 Levante Street,Carlsbad,92009,41,CARLSBAD
El Camino Creek Elementary,7885 Paseo Aliso,Carlsbad,92009,41,CARLSBAD
Julian Elementary,1704 Cape Horn,Julian,92036,60,PALOMAR-JULIAN
Capri Elementary,941 Capri Road,Encinitas,92024,40,SAN DIEGUITO
San Pasqual High,3300 Bear Valley Parkway,Escondido,92025,50,ESCONDIDO
Julian Junior High,1704 Cape Horn,Julian,92036,60,PALOMAR-JULIAN
Julian High,1656 Highway 78,Julian,92036,60,PALOMAR-JULIAN
Julian Charter,1704 Cape Horn,Julian,92036,60,PALOMAR-JULIAN
La Costa Canyon High,1 Maverick Way,Encinitas,92009,40,SAN DIEGUITO
Mission Estancia Elementary,3330 Calle Barcelona,Carlsbad,92009,40,SAN DIEGUITO
Olivenhain Pioneer Elementary,8000 Calle Acervo,Carlsbad,92009,40,SAN DIEGUITO
Diegueno Middle,2150 Village Park Way,Encinitas,92024,40,SAN DIEGUITO
Paul Ecke-Central Elementary,185 Union Street,Encinitas,92024,40,SAN DIEGUITO
Flora Vista Elementary,1690 Wandering Road,Encinitas,92024,40,SAN DIEGUITO
Park Dale Lane Elementary,2050 Park Dale Lane,Encinitas,92024,40,SAN DIEGUITO
Sunset High (Continuation),684 Requeza Street,Encinitas,92024,40,SAN DIEGUITO
Oak Crest Middle,675 Balour Drive,Encinitas,92024,40,SAN DIEGUITO
Ocean Knoll Elementary,910 Melba Road,Encinitas,92024,40,SAN DIEGUITO
Ramona Elementary,415 Eighth Street,Ramona,92065,39,RAMONA
San Dieguito HS Academy,800 Santa Fe Drive,Encinitas,92024,40,SAN DIEGUITO
Future Bound Independent Study Secondary,720 Ninth Street,Ramona,92065,39,RAMONA
Montecito High (Continuation),720 Ninth Street,Ramona,92065,39,RAMONA
Mt. Woodson Elementary,17427 Archie Moore Road,Ramona,92065,39,RAMONA
Westwood Elementary,17449 Matinal Road,San Diego,92127,14,NORTH SAN DIEGO
Hanson Elementary,2520 Boundary Avenue,Ramona,92065,39,RAMONA
Olive Peirce Middle,1521 Hanson Lane,Ramona,92065,39,RAMONA
Ramona High,1401 Hanson Lane,Ramona,92065,39,RAMONA
Chaparral Elementary,17250 Tannin Drive,Poway,92064,15,POWAY
R. Roger Rowe Elementary,5927 La Granada,Rancho Santa Fe,92067,40,SAN DIEGUITO
R. Roger Rowe Middle,5927 La Granada,Rancho Santa Fe,92067,40,SAN DIEGUITO
Painted Rock Elementary,16711 Martincoit Road,Poway,92064,15,POWAY
Barnett Elementary,23925 Couna Way,Ramona,92065,39,RAMONA
James Dukes Elementary,24908 Abalar Way,Ramona,92065,39,RAMONA
Solana Vista Elementary,780 Santa Victoria Avenue,Solana Beach,92075,40,SAN DIEGUITO
Turtleback Elementary,15855 Turtleback Road,San Diego,92127,14,NORTH SAN DIEGO
Poway High,15500 Espola Road,Poway,92064,15,POWAY
Skyline Elementary,606 Lomas Santa Fe Drive,Solana Beach,92075,40,SAN DIEGUITO
Solana Santa Fe Elementary,6570 El Apajo,Rancho Santa Fe,92067,14,NORTH SAN DIEGO
Bernardo Heights Middle,12990 Paseo Lucido,San Diego,92128,14,NORTH SAN DIEGO
Earl Warren Middle,155 Stevens Street,Solana Beach,92075,40,SAN DIEGUITO
Rancho Bernardo High,13010 Paseo Lucido,San Diego,92128,14,NORTH SAN DIEGO
Rolling Hills Elementary,15255 Penasquitos Drive,San Diego,92129,14,NORTH SAN DIEGO
Highland Ranch Elementary,14840 Waverley Downs Way,San Diego,92128,14,NORTH SAN DIEGO
Twin Peaks Middle,14640 Tierra Bonita Road,Poway,92064,15,POWAY
Tierra Bonita Elementary,14678 Tierra Bonita Road,Poway,92064,15,POWAY
Abraxas Continuation High,12450 Glenoak Road,Poway,92064,15,POWAY
Adobe Bluffs Elementary,8707 Adobe Bluffs Drive,San Diego,92129,13,DEL MAR-MIRA MESA
Los Penasquitos Elementary,14125 Cuca Street,San Diego,92129,14,NORTH SAN DIEGO
Black Mountain Middle,9353 Oviedo Street,San Diego,92129,14,NORTH SAN DIEGO
Sunset Hills Elementary,9291 Oviedo Street,San Diego,92129,14,NORTH SAN DIEGO
Mt. Carmel High,9550 Carmel Mountain Road,San Diego,92129,14,NORTH SAN DIEGO
Shoal Creek Elementary,11775 Shoal Creek Drive,San Diego,92128,14,NORTH SAN DIEGO
Midland Elementary,13910 Midland Road,Poway,92064,15,POWAY
Meadowbrook Middle,12320 Meadowbrook Lane,Poway,92064,14,NORTH SAN DIEGO
Deer Canyon Elementary,13455 Russet Leaf Lane,San Diego,92129,13,DEL MAR-MIRA MESA
Mesa Verde Middle,8375 Entreken Way,San Diego,92129,13,DEL MAR-MIRA MESA
Sundance Elementary,8944 Twin Trails Drive,San Diego,92129,13,DEL MAR-MIRA MESA
Torrey Pines High,3710 Del Mar Heights Road,San Diego,92130,13,DEL MAR-MIRA MESA
Pomerado Elementary,12321 Ninth Street,Poway,92064,14,NORTH SAN DIEGO
Ashley Falls Elementary,13030 Ashley Falls Drive,San Diego,92130,13,DEL MAR-MIRA MESA
Garden Road Elementary,14614 Garden Road,Poway,92064,15,POWAY
Solana Highlands Elementary,3520 Long Run Drive,San Diego,92130,13,DEL MAR-MIRA MESA
Del Mar Hills Elementary,14085 Mango Drive,Del Mar,92014,13,DEL MAR-MIRA MESA
Valley Elementary,13000 Bowron Road,Poway,92064,15,POWAY
Morning Creek Elementary,"10925 Morning Creek Drive, South",San Diego,92128,14,NORTH SAN DIEGO
Carmel Creek Elementary,4210 Carmel Center Road,San Diego,92130,13,DEL MAR-MIRA MESA
Carmel Valley Middle,3800 Mykonos Lane,San Diego,92130,13,DEL MAR-MIRA MESA
Canyon View Elementary,9225 Adolphia Street,San Diego,92129,14,NORTH SAN DIEGO
Del Mar Heights Elementary,13555 Boquita Drive,Del Mar,92014,13,DEL MAR-MIRA MESA
Creekside Elementary,12362 Springhurst Drive,San Diego,92128,15,POWAY
Carmel Del Mar Elementary,12345 Carmel Park Drive,San Diego,92130,13,DEL MAR-MIRA MESA
Park Village Elementary,7930 Park Village Road,San Diego,92129,13,DEL MAR-MIRA MESA
Dingeman Elementary,11840 Scripps Creek Drive,San Diego,92131,15,POWAY
Marshall Middle,9700 Avenue of Nations,San Diego,92131,17,ELLIOTT-NAVAJO
Ericson Elementary,11174 Westonhill Drive,San Diego,92126,13,DEL MAR-MIRA MESA
Sage Canyon,5290 Harvest Run Drive,San Diego,92130,13,DEL MAR-MIRA MESA
Torrey Hills,10830 Calle Mar de Mariposa,San Diego,92130,13,DEL MAR-MIRA MESA
Sandburg Elementary,11230 Avenida del Gato,San Diego,92126,13,DEL MAR-MIRA MESA
Hage Elementary,9750 Galvin Avenue,San Diego,92126,13,DEL MAR-MIRA MESA
Hickman Elementary,10850 Montongo Street,San Diego,92126,13,DEL MAR-MIRA MESA
Challenger Middle,10810 Parkdale Avenue,San Diego,92126,13,DEL MAR-MIRA MESA
Murdock Elementary,4354 Conrad Drive,La Mesa,91941,31,SPRING VALLEY
Hoover High,4474 El Cajon Boulevard,San Diego,92115,6,MID-CITY
La Mesa Dale Elementary,4370 Parks Avenue,La Mesa,91941,33,LA MESA
Mann Middle,4345 54th Street,San Diego,92115,6,MID-CITY
Helix High,7323 University Avenue,La Mesa,91941,33,LA MESA
Wilson Middle,3838 Orange Avenue,San Diego,92105,6,MID-CITY
Rancho San Diego Elementary,12151 Calle Albara,El Cajon,92019,31,SPRING VALLEY
Charter School of San Diego,10170 Huennekens Street,San Diego,92121,13,DEL MAR-MIRA MESA
Las Palmas,1900 East 18th Street,National City,91950,4,NATIONAL CITY
Lincoln Acres,2200 Lanoitan Avenue,National City,91950,4,NATIONAL CITY
John A. Otis Elementary,621 East 18th Street,National City,91950,4,NATIONAL CITY
National City Middle,1701 D Avenue,National City,91950,4,NATIONAL CITY
Kimball,302 West 18th Street,National City,91950,4,NATIONAL CITY
Clover Flat Elementary,39639 Old Highway 80,Boulevard,91905,62,MOUNTAIN EMPIRE
Olivewood,2505 F Avenue,National City,91950,4,NATIONAL CITY
Valley Vista Elementary,3724 Valley Vista Way,Bonita,91902,20,SWEETWATER
Sweetwater High,2900 Highland Avenue,National City,91950,4,NATIONAL CITY
Marshall (Thurgood) Elementary,2295 MacKenzie Creek Road,Chula Vista,91914,20,SWEETWATER
Rosebank Elementary,80 Flower Street,Chula Vista,91911,21,CHULA VISTA
Lakeview Elementary,9205 Lakeview Road,Lakeside,92040,36,LAKESIDE
Whitman Elementary,4050 Appleton Street,San Diego,92117,10,KEARNY MESA
Kumeyaay Elementary,6475 Antigua Boulevard,San Diego,92124,17,ELLIOTT-NAVAJO
Muirlands Middle,1056 Nautilus Street,La Jolla,92037,11,COASTAL
Vista Grande Elementary,5606 Antigua Boulevard,San Diego,92124,17,ELLIOTT-NAVAJO
PRIDE Academy at Prospect Avenue,9303 Prospect Avenue,Santee,92071,35,SANTEE
Chet F. Harritt Elementary,8120 Arlette Street,Santee,92071,35,SANTEE
Shadow Hills Elementary,8770 Harbison Canyon Road,Alpine,91901,37,HARBISON CREST
Mountain View Learning Academy,8770 Harbison Canyon Road,Alpine,91901,37,HARBISON CREST
Creekside Early Learning Center,8818 Harbison Canyon Road,Alpine,91901,37,HARBISON CREST
Winter Gardens Elementary,8501 Pueblo Road,Lakeside,92040,36,LAKESIDE
Tierrasanta Elementary,5450 La Cuenta Drive,San Diego,92124,17,ELLIOTT-NAVAJO
De Portola Middle,11010 Clairemont Mesa Boulevard,San Diego,92124,17,ELLIOTT-NAVAJO
Sequoia Elementary,4690 Limerick Avenue,San Diego,92117,10,KEARNY MESA
Pepper Drive Elementary,1935 Marlinda Way,El Cajon,92021,36,LAKESIDE
Canyon Hills High,5156 Santo Road,San Diego,92124,17,ELLIOTT-NAVAJO
Mt. Everest Academy,4350 Mount Everest Boulevard,San Diego,92117,10,KEARNY MESA
Farb Middle,4880 La Cuenta Drive,San Diego,92124,17,ELLIOTT-NAVAJO
Boulder Oaks Elementary,2320 Tavern Road,Alpine,91901,38,ALPINE
Miller Elementary,4343 Shields Street,San Diego,92124,17,ELLIOTT-NAVAJO
Bird Rock Elementary,5371 La Jolla Hermosa Avenue,La Jolla,92037,11,COASTAL
Ross Elementary,7470 Bagdad Street,San Diego,92111,10,KEARNY MESA
Riley/New Dawn,5650 Mount Ackerly Drive,San Diego,92111,10,KEARNY MESA
Sessions Elementary,2150 Beryl Street,San Diego,92109,11,COASTAL
Chula Vista Learning Community Charter,590 K Street,Chula Vista,91910,21,CHULA VISTA
Chula Vista Senior High,820 Fourth Avenue,Chula Vista,91911,21,CHULA VISTA
Kellogg (Karl H.) Elementary,229 East Naples Street,Chula Vista,91911,21,CHULA VISTA
Rice (Lilian J.) Elementary,915 Fourth Avenue,Chula Vista,91911,21,CHULA VISTA
Castle Park Elementary,25 Emerson Street,Chula Vista,91910,21,CHULA VISTA
Options Secondary,467 Moss Street,Chula Vista,91911,21,CHULA VISTA
Parkview Elementary,575 Juniper Street,Chula Vista,91911,20,SWEETWATER
Alta Vista Academy,730 Medical Center Court,Chula Vista,91911,20,SWEETWATER
Palomar Elementary,300 East Palomar Street,Chula Vista,91911,21,CHULA VISTA
Cottonwood Community Day,3291 Buckman Springs Road,Pine Valley,91962,62,MOUNTAIN EMPIRE
Potrero Elementary,24875 Potrero Valley Road,Potrero,91963,62,MOUNTAIN EMPIRE
Castle Park Senior High,1395 Hilltop Drive,Chula Vista,91911,21,CHULA VISTA
Lauderbach (J. Calvin) Elementary,390 Palomar Street,Chula Vista,91911,21,CHULA VISTA
Castle Park Middle,160 Quintard Street,Chula Vista,91911,21,CHULA VISTA
Sweetwater Community Day,1355 Second Avenue,Chula Vista,91911,21,CHULA VISTA
Palomar High,480 Palomar Street,Chula Vista,91911,21,CHULA VISTA
Valle Lindo Elementary,1515 Oleander Avenue,Chula Vista,91911,20,SWEETWATER
Loma Verde Elementary,1450 Loma Lane,Chula Vista,91911,21,CHULA VISTA
Montgomery (John J.) Elementary,1601 Fourth Avenue,Chula Vista,91911,21,CHULA VISTA
Otay Elementary,1651 Albany Avenue,Chula Vista,91911,21,CHULA VISTA
Bayside STEAM Academy,490 Emory Street,Imperial Beach,91932,22,SOUTH BAY
Finney (Myrtle S.) Elementary,3950 Byrd Street,San Diego,92154,22,SOUTH BAY
Lafayette Elementary,6125 Printwood Way,San Diego,92117,10,KEARNY MESA
Cadman Elementary,4370 Kamloop Avenue,San Diego,92117,10,KEARNY MESA
W. D. Hall Elementary,1376 Pepper Drive,El Cajon,92021,36,LAKESIDE
Clairemont Canyons Academy,4133 Mount Albertine Avenue,San Diego,92111,10,KEARNY MESA
Joan MacQueen Middle,2001 Tavern Road,Alpine,91901,38,ALPINE
Ocean View Hills,4919 Del Sol Boulevard,San Diego,92154,22,SOUTH BAY
Scripps Elementary,11778 Cypress Canyon Road,San Diego,92131,15,POWAY
Westview High,13500 Camino Del Sur,San Diego,92129,13,DEL MAR-MIRA MESA
Vallecitos Elementary,5211 Fifth Street,Rainbow,92028,55,FALLBROOK
San Jose Valley Continuation High,30951 Highway 79,Warner Springs,92086,60,PALOMAR-JULIAN
Nichols Elementary,4250 Old Grove Road,Oceanside,92056,42,OCEANSIDE
Hannalei Elementary,120 Hannalei Drive,Vista,92083,52,VISTA
Ada W. Harris Elementary,1508 Windsor Road,Cardiff-by-the-Sea,92007,40,SAN DIEGUITO
Cardiff Elementary,1888 Montgomery Avenue,Cardiff-by-the-Sea,92007,40,SAN DIEGUITO
High Tech High Media Arts,2230 Truxtun Road Third Floor,San Diego,92106,2,PENINSULA
Curie Elementary,4080 Governor Drive,San Diego,92122,12,UNIVERSITY
La Jolla Elementary,1111 Marine Street,La Jolla,92037,11,COASTAL
Hawthorne Elementary,4750 Lehrer Drive,San Diego,92117,10,KEARNY MESA
Rios Elementary,14314 Rios Canyon Road,El Cajon,92021,37,HARBISON CREST
La Jolla High,750 Nautilus Street,La Jolla,92037,11,COASTAL
Alcott Elementary,4680 Hidalgo Avenue,San Diego,92117,10,KEARNY MESA
Field Elementary,4375 Bannock Avenue,San Diego,92117,10,KEARNY MESA
Madison High,4833 Doliva Drive,San Diego,92117,10,KEARNY MESA
Mission Bay High,2475 Grand Avenue,San Diego,92109,11,COASTAL
Maryland Elementary,700 North Avenue,Vista,92084,52,VISTA
San Elijo Elementary,1615 Schoolhouse Way,San Marcos,92078,51,SAN MARCOS
Monterey Ridge Elementary,17117 4S Ranch Parkway,San Diego,92127,14,NORTH SAN DIEGO
Los Coches Creek Middle,9669 Dunbar Lane,El Cajon,92021,37,HARBISON CREST
Creative Performing and Media Arts,5050 Conrad Avenue,San Diego,92117,10,KEARNY MESA
John Muir Language Academy,4431 Mount Herbert Avenue,San Diego,92117,10,KEARNY MESA
Magnolia Science Academy San Diego,6525 Estrella Avenue,San Diego,92120,17,ELLIOTT-NAVAJO
Normal Heights Elementary,3750 Ward Road,San Diego,92116,6,MID-CITY
Cherokee Point Elementary,3735 38th Street,San Diego,92105,6,MID-CITY
Ibarra Elementary,4877 Orange Avenue,San Diego,92115,6,MID-CITY
Veterans Elementary,1550 Magdalena Avenue,Chula Vista,91913,20,SWEETWATER
Olympian High,1925 Magdalena Avenue,Chula Vista,91913,20,SWEETWATER
Golden Hill K-8,1240 33rd Street,San Diego,92102,1,CENTRAL SAN DIEGO
Lincoln High,4777 Imperial Avenue,San Diego,92113,5,SOUTHEASTERN SAN DIEGO
Porter Elementary,4800 T Street,San Diego,92113,5,SOUTHEASTERN SAN DIEGO
Wolf Canyon Elementary,1950 Wolf Canyon Loop,Chula Vista,91913,20,SWEETWATER
Joyner Elementary,4271 Myrtle Avenue,San Diego,92105,6,MID-CITY
Rodriguez Elementary,825 South 31st Street,San Diego,92113,1,CENTRAL SAN DIEGO
Poinsettia Elementary,2445 Mica Road,Carlsbad,92009,41,CARLSBAD
Louise Foussat Elementary,3800 Pala Road,Oceanside,92054,42,OCEANSIDE
Ocean Air,11444 Canter Heights Drive,San Diego,92130,13,DEL MAR-MIRA MESA
Major General Raymond Murray High,215 North Melrose Drive,Vista,92083,52,VISTA
Gompers Preparatory Academy,1005 47th Street,San Diego,92102,5,SOUTHEASTERN SAN DIEGO
Innovation Middle,5095 Arvinels Avenue,San Diego,92117,10,KEARNY MESA
Quest Academy,8805 Tyler Street,Spring Valley,91977,31,SPRING VALLEY
Del Sur Elementary,15665 Paseo Del Sur,San Diego,92127,14,NORTH SAN DIEGO
Willow Grove Elementary,14727 Via Azul,San Diego,92127,14,NORTH SAN DIEGO
Innovations Academy,5454 Ruffin Road,San Diego,92123,10,KEARNY MESA
Joli Ann Leichtag Elementary,653 Poinsettia Avenue,Vista,92081,51,SAN MARCOS
High Tech High Chula Vista,1945 Discovery Falls Drive,Chula Vista,91915,20,SWEETWATER
East Hills Academy,1791 Rock Mountain Road,Chula Vista,91913,20,SWEETWATER
North County Trade Tech High,"1132 N Melrose Drive, Suite 501",Vista,92081,52,VISTA
"Vista Magnet Middle School of Technology, Science, and Math",151 Civic Center Drive,Vista,92084,52,VISTA
All Tribes Charter,34320 Valley Center Road,Valley Center,92082,53,VALLEY CENTER
EJE Middle Academy,851 South Johnson Avenue,El Cajon,92020,34,EL CAJON
Del Norte High,16601 Nighthawk Lane,San Diego,92127,14,NORTH SAN DIEGO
Crawford High,4191 Colts Way,San Diego,92115,6,MID-CITY
East Village Middle College High,1313 Park Boulevard,San Diego,92101,1,CENTRAL SAN DIEGO
King-Chavez Preparatory Academy,500 30th Street,San Diego,92102,1,CENTRAL SAN DIEGO
King-Chavez Primary Academy,415 31st Street,San Diego,92102,1,CENTRAL SAN DIEGO
Mission Vista High,1306 Melrose Drive,Oceanside,92057,42,OCEANSIDE
High Tech Middle North County,1460 West San Marcos Boulevard,San Marcos,92078,51,SAN MARCOS
Willow Elementary,226 Willow Road,San Ysidro,92173,22,SOUTH BAY
School for Entrepreneurship and Technology,3540 Aero Court,San Diego,92123,10,KEARNY MESA
San Diego Global Vision Academy,3430 School Street,San Diego,92116,6,MID-CITY
Holly Drive Leadership Academy,4801 Elm Street,San Diego,92102,6,MID-CITY
High Tech Middle Chula Vista,1949 Discovery Falls Drive,Chula Vista,91915,20,SWEETWATER
High Tech Elementary Chula Vista,1949 Discovery Falls Drive,Chula Vista,91915,20,SWEETWATER
Old Town Academy K-8 Charter,2120 San Diego Avenue,San Diego,92110,2,PENINSULA
Guajome Learning Center,2000 North Santa Fe Avenue,Vista,92083,42,OCEANSIDE
Sevick Special Education,1609 East Madison Avenue,El Cajon,92019,34,EL CAJON
All Tribes Elementary Charter,"34320 Valley Center Road, Suite B",Valley Center,92082,53,VALLEY CENTER
Mountain Empire Special Education Preschool,3291 Buckman Springs Road,Pine Valley,91962,62,MOUNTAIN EMPIRE
The Heights Charter,"2710 Alpine Boulevard, Suite E",Alpine,91901,38,ALPINE
Camp Lockett Middle,31360 Highway 94,Campo,91906,62,MOUNTAIN EMPIRE
Pine Valley Middle,7454 Pine Boulevard,Pine Valley,91962,61,LAGUNA-PINE VALLEY
City Heights Preparatory Charter,4260 54th Street,San Diego,92115,6,MID-CITY
Home & Hosp/Transition Support,"4100 Normal Street, Annex 14",San Diego,92103,1,CENTRAL SAN DIEGO
VIP Village Preschool,1001 Fern Avenue,Imperial Beach,91932,22,SOUTH BAY
Hawking S.T.E.A.M. Charter,489 E Street,Chula Vista,91910,21,CHULA VISTA
Vista Visions Academy,1575 Bonair Drive,Vista,92084,52,VISTA
Camarena (Enrique S.) Elementary,1650 Exploration Falls Drive,Chula Vista,91915,20,SWEETWATER
Del Lago Academy - Campus of Applied Science,1740 Scenic Trail Way,Escondido,92029,50,ESCONDIDO
REACH Academy,230 Jamacha Road,El Cajon,92019,34,EL CAJON
Harbor Springs Charter,1704 Cape Horn,Julian,92036,60,PALOMAR-JULIAN
Kavod Charter,6991 Balboa Avenue,San Diego,92123,10,KEARNY MESA
Bella Mente Montessori Academy,1737 West Vista Way,Vista,92083,52,VISTA
Sage Creek High,3900 Bobcat Boulevard,Carlsbad,92010,41,CARLSBAD
Quantum Academy,420 North Falconer Road,Escondido,92027,50,ESCONDIDO
IDEA Center,1600 North Cuyamaca Street,El Cajon,92020,34,EL CAJON
Eucalyptus Hills Elementary,11838 Valle Vista Road,Lakeside,92040,36,LAKESIDE
La Mesa Arts Academy,4200 Parks Avenue,La Mesa,91942,33,LA MESA
"Science, Technology, Engineering, Arts, and Math Academy at La Presa",1001 Leland Street,Spring Valley,91977,31,SPRING VALLEY
Trust Blended Learning,9009 Park Plaza Drive,La Mesa,91942,33,LA MESA
Ramona Community Montessori,1010 Ramona Street,Ramona,92065,39,RAMONA
San Diego Science and Technology,1405 Park Boulevard,San Diego,92101,1,CENTRAL SAN DIEGO
San Diego International Studies,1405 Park Boulevard,San Diego,92101,1,CENTRAL SAN DIEGO
San Diego Business/Leadership,1405 Park Boulevard,San Diego,92101,1,CENTRAL SAN DIEGO
Kearny Eng Innov & Design,1954 Komet Way,San Diego,92111,10,KEARNY MESA
Kearny Digital Media & Design,1954 Komet Way,San Diego,92111,10,KEARNY MESA
Kearny School of Biomedical Science and Technology,1954 Komet Way,San Diego,92111,10,KEARNY MESA
Kearny College Connections,1954 Komet Way,San Diego,92111,10,KEARNY MESA
ALBA,4041 Oregon Street,San Diego,92104,1,CENTRAL SAN DIEGO
Albert Einstein Academy Charter Middle,458 26th Street,San Diego,92102,1,CENTRAL SAN DIEGO
KIPP Adelante Preparatory Academy,426 Euclid Avenue,San Diego,92114,5,SOUTHEASTERN SAN DIEGO
TRACE,2375 Congress Street Suite 4,San Diego,92110,2,PENINSULA
Maie Ellis Elementary,400 West Elder Street,Fallbrook,92028,55,FALLBROOK
Fallbrook Homeschool Academy,300 Heald Lane,Fallbrook,92028,55,FALLBROOK
Santa Margarita Academy,400 West Elder Street,Fallbrook,92028,55,FALLBROOK
Alta Vista High (Continuation),1575 Bonair Drive,Vista,92084,52,VISTA
Cesar Chavez Middle,202 Oleander Drive,Oceanside,92057,42,OCEANSIDE
e3 Civic High,"395 11th Ave, 6th Floor",San Diego,92101,1,CENTRAL SAN DIEGO
Coronado Unified Special Education Pre-K,201 6th Street,Coronado,92118,3,CORONADO
Oceanside High,1 Pirates Cove,Oceanside,92054,42,OCEANSIDE
Monte Vista Elementary,1720 Monte Vista Drive,Vista,92084,52,VISTA
High Tech High North County,1420 West San Marcos Boulevard,San Marcos,92078,51,SAN MARCOS
Leonardo da Vinci Health Sciences Charter,229 East Naples Street,Chula Vista,91911,21,CHULA VISTA
High Tech Middle Media Arts,2230 Truxtun Road 2nd Floor,San Diego,92106,2,PENINSULA
Mar Vista Academy,1267 Thermal Avenue,San Diego,92154,22,SOUTH BAY
Del Dios Academy of Arts and Sciences,1400 West Ninth Avenue,Escondido,92025,50,ESCONDIDO
EastLake Elementary,1955 Hillside Drive,Chula Vista,91913,20,SWEETWATER
High Tech Elementary Explorer,2230 Truxtun Road 1st Floor,San Diego,92106,2,PENINSULA
Vista Adult Transition Center,325 East Bobier Drive,Vista,92084,52,VISTA
Elite Academy,230 Jamacha Road,El Cajon,92019,34,EL CAJON
Vista Innovation and Design Academy,740 Olive Avenue,Vista,92083,52,VISTA
Health Sciences High and Middle College,"3910 University Avenue, Suite 100",San Diego,92105,6,MID-CITY
Ingenuity Charter,6130 Skyline Drive,San Diego,92114,5,SOUTHEASTERN SAN DIEGO
National School District Preschool,2401 East 24th Street,National City,91950,4,NATIONAL CITY
Jonas Salk Elementary,7825 Flanders Drive,San Diego,92126,13,DEL MAR-MIRA MESA
Bonsall High,7350 West Lilac Road,Bonsall,92003,55,FALLBROOK
Norman L. Sullivan Middle,7350 West Lilac Road,Bonsall,92003,55,FALLBROOK
Cabrillo Point Academy,13915 Danielson Street Ste 200,Poway,92064,15,POWAY
MethodSchools,4612 Dehesa Road,El Cajon,92019,37,HARBISON CREST
Dehesa Elementary,4612 Dehesa Road,El Cajon,92019,37,HARBISON CREST
Bonsall Elementary,31555 Old River Road,Bonsall,92003,55,FALLBROOK
Vivian Banks Charter,11800 Pala Mission Road,Pala,92059,54,PAUMA
Bonsall West Elementary,5050 El Mirlo Drive,Oceanside,92057,42,OCEANSIDE
Elevate Charter,2285 Murray Ridge Road,San Diego,92123,10,KEARNY MESA
Empower Language Academy,6402 Linda Vista Road,San Diego,92111,10,KEARNY MESA
San Diego Metro Career and Tech,"7250 Mesa College Drive, Room L-502",San Diego,92111,10,KEARNY MESA
Special Education Preschool,"84 East J Street, Room 301",Chula Vista,91910,21,CHULA VISTA
Mountain Valley Academy,1010 Ramona Street,Ramona,92065,39,RAMONA
Motivated Youth Academy,100 E San Marcos Boulevard Ste 350,San Marcos,92069,51,SAN MARCOS
SIATech,"2611 Temple Heights Drive, Suite A",Oceanside,92056,52,VISTA
Ralph Waldo Emerson Elementary,3510 Newton Avenue,San Diego,92113,5,SOUTHEASTERN SAN DIEGO
Classical Academy,2950 South Bear Valley Parkway,Escondido,92025,50,ESCONDIDO
MERIT Academy,1600 North Cuyamaca Street,El Cajon,92020,34,EL CAJON
Lexington Elementary,1145 Redwood Ave.,El Cajon,92019,34,EL CAJON
Coronado Village Elementary,600 Sixth Street,Coronado,92118,3,CORONADO
High Tech Elementary North County,1480 West San Marcos Boulevard,San Marcos,92078,51,SAN MARCOS
Classical Academy High,207 East Pennsylvania Ave,Escondido,92025,50,ESCONDIDO
King-Chavez Community High,201 A Street,San Diego,92101,1,CENTRAL SAN DIEGO
Lakeside Early Advantage Preschool,12824 Lakeshore Drive,Lakeside,92040,36,LAKESIDE
Chaparral High,1600 North Cuyamaca Street,El Cajon,92020,34,EL CAJON
Learning Choice Academy,4635 Clairemont Mesa Boulevard,San Diego,92117,15,POWAY
St. Patrick Catholic School,3820 Pio Pico Drive,Carlsbad,92008,41,CARLSBAD
Calvin Christian,2000 North Broadway,Escondido,92026,50,ESCONDIDO
Montessori School of Oceanside,3525 Cannon Road,Oceanside,92056,41,CARLSBAD
Army and Navy Academy,2605 Carlsbad Boulevard,Carlsbad,92008,41,CARLSBAD
Valley Christian School,1350 Discovery Street,San Marcos,92078,51,SAN MARCOS
Pacific Academy,"679 Encinitas Boulevard, Suite 211",Encinitas,92024,40,SAN DIEGUITO
Ramona Lutheran,520 16th Street,Ramona,92065,39,RAMONA
"Grauer, The",1500 South El Camino Real,Encinitas,92024,40,SAN DIEGUITO
Horizon Prep,6233 El Apajo Road,Rancho Santa Fe,92067,14,NORTH SAN DIEGO
"Nativity School, The",6309 El Apajo Road,Rancho Santa Fe,92067,14,NORTH SAN DIEGO
Santa Fe Christian Schools,838 Academy Drive,Solana Beach,92075,40,SAN DIEGUITO
St. James Academy,623 South Nardo Avenue,Solana Beach,92075,40,SAN DIEGUITO
NewBridge School,12285 Oak Knoll Road,Poway,92064,15,POWAY
Maranatha Christian Schools,9050 Maranatha Drive,San Diego,92127,14,NORTH SAN DIEGO
Chabad Hebrew Academy,10785 Pomerado Road,San Diego,92131,17,ELLIOTT-NAVAJO
Heritage Christian School of San Diego,"5725 Kearny Villa Road, Suite G",San Diego,92123,10,KEARNY MESA
"Learning Academy, The",11646 Riverside Drive,Lakeside,92040,36,LAKESIDE
Torah High Schools of San Diego,9001 Towne Centre Drive,San Diego,92122,12,UNIVERSITY
The Children's School,2225 Torrey Pines Lane,La Jolla,92037,11,COASTAL
Foothills Christian Elementary School,10404 Lake Jennings Park Road,Lakeside,92040,36,LAKESIDE
"Bishop's School, The",7607 La Jolla Boulevard,La Jolla,92037,11,COASTAL
Stella Maris Academy,7654 Herschel Avenue,La Jolla,92037,11,COASTAL
All Hallows Academy,2390 Nautilus Street,La Jolla,92037,11,COASTAL
San Diego FrenchAmerican School,6550 Soledad Mountain Road,La Jolla,92037,11,COASTAL
Our Lady of Grace School,2766 Navajo Road,El Cajon,92020,34,EL CAJON
El Cajon Seventh-day Adventist,1640 East Madison Avenue,El Cajon,92019,34,EL CAJON
Christian Elementary East,2100 Greenfield Drive,El Cajon,92019,34,EL CAJON
Christian Elementary West,211 South Third Street,El Cajon,92019,34,EL CAJON
St. Therese Academy,6440 Saint Therese Way,San Diego,92120,17,ELLIOTT-NAVAJO
Shepherd of the Hills Lutheran,9191 Fletcher Parkway,La Mesa,91942,33,LA MESA
Holy Trinity Elementary,509 Ballard Street,El Cajon,92019,34,EL CAJON
School of the Madeleine,1875 Illion Street,San Diego,92110,10,KEARNY MESA
"Nazareth School of San Diego, Inc",10728 San Diego Mission Road,San Diego,92108,17,ELLIOTT-NAVAJO
Futures Academy-San Diego,"9915 Mira Mesa Blvd, Suite 210",San Diego,92131,15,POWAY
The Rock Academy,2277 Rosecrans Street,San Diego,92106,2,PENINSULA
Christ Lutheran Elementary,7929 La Mesa Boulevard,La Mesa,91941,33,LA MESA
St. Didacus  School,4630 34th Street,San Diego,92116,6,MID-CITY
Cooperative Learning Center,4630 Mission Avenue,San Diego,92116,1,CENTRAL SAN DIEGO
Academy of Our Lady of Peace,4860 Oregon Street,San Diego,92116,1,CENTRAL SAN DIEGO
St. Katharine Drexel Academy,4551 56th Street,San Diego,92115,6,MID-CITY
St. Vincent de Paul,4061 Ibis Street,San Diego,92103,1,CENTRAL SAN DIEGO
Trinity Christian School,3902 Kenwood Drive,Spring Valley,91977,31,SPRING VALLEY
St. Patrick's Elementary,3014 Capps Street,San Diego,92104,1,CENTRAL SAN DIEGO
The Waldorf School of San Diego,3547 Altadena Avenue,San Diego,92105,6,MID-CITY
St. Augustine High School,3266 Nutmeg Street,San Diego,92104,1,CENTRAL SAN DIEGO
"Heartland Christian Homeschool Center, Inc.",3327 Kenora Drive,Spring Valley,91977,31,SPRING VALLEY
City Tree Christian,320 Date Street,San Diego,92101,1,CENTRAL SAN DIEGO
Nativity Prep Academy,4463 College Ave,San Diego,92115,6,MID-CITY
True Faith Academy,8354 Noeline Lane,San Diego,92114,5,SOUTHEASTERN SAN DIEGO
St. Rita's School,5165 Imperial Avenue,San Diego,92114,5,SOUTHEASTERN SAN DIEGO
Christ Church Day School,926 C Avenue,Coronado,92118,3,CORONADO
Sacred Heart Parish School,706 C Avenue,Coronado,92118,3,CORONADO
San Diego Academy,2800 East Fourth Street,National City,91950,4,NATIONAL CITY
Santa Sophia Academy,9806 San Juan Street,Spring Valley,91977,31,SPRING VALLEY
St. John of the Cross School,8175 Lemon Grove Way,Lemon Grove,91945,32,LEMON GROVE
Faithful Ambassadors Bible Baptist Academy,2432 East 18th Street,National City,91950,4,NATIONAL CITY
Bright Horizon Academy,7050 Eckstrom Avenue,San Diego,92111,10,KEARNY MESA
"Child's Primary, The",3811 Mt. Acadia Boulevard,San Diego,92111,10,KEARNY MESA
Soille San Diego Hebrew Day,3630 Afton Road,San Diego,92123,10,KEARNY MESA
St. Columba,3365 Glencolum Drive,San Diego,92123,10,KEARNY MESA
St. Paul's Lutheran,1376 Felspar Street,San Diego,92109,11,COASTAL
San Diego Center for Children Academy,3002 Armstrong Street,San Diego,92111,10,KEARNY MESA
St. Peter the Apostle Catholic School,450 South Stage Coach Lane,Fallbrook,92028,55,FALLBROOK
Morning Star Ranch Training Program,12458 Keys Creek Road,Valley Center,92082,53,VALLEY CENTER
Calvary Christian Academy,1771 East Palomar Street,Chula Vista,91913,20,SWEETWATER
St. Rose of Lima School,"278 Alvarado Street, Unit 2",Chula Vista,91910,21,CHULA VISTA
Tecate Christian,23945 Tecate Mission Road,Tecate,91980,62,MOUNTAIN EMPIRE
Ocean View Christian Academy,2460 Palm Avenue,San Diego,92154,22,SOUTH BAY
St. Charles Elementary,929 18th Street,San Diego,92154,22,SOUTH BAY
Mater Dei Catholic High School,1615 Mater Dei Drive,Chula Vista,91913,20,SWEETWATER
Our Lady of Mount Carmel School,4141 Beyer Boulevard,San Ysidro,92173,22,SOUTH BAY
Saint Kieran Catholic School,1347 Camillo Way,El Cajon,92021,34,EL CAJON
Pine Glen Academy,15519 Villa Sierra Road,Valley Center,92082,53,VALLEY CENTER
Kings Academy,1717 East Lincoln Avenue,Escondido,92027,50,ESCONDIDO
Escondido Adventist Academy,1301 Deodar Road,Escondido,92026,50,ESCONDIDO
Escondido Christian School,923 Idaho Avenue,Escondido,92025,50,ESCONDIDO
St. Mary School,130 East 13th Avenue,Escondido,92025,50,ESCONDIDO
La Costa Valley Preschool and Kindergarten,2276 Calle Barcelona,Carlsbad,92009,41,CARLSBAD
St. Michael's School,15542 Pomerado Road,Poway,92064,14,NORTH SAN DIEGO
Country Montessori School of Poway,12642 Monte Vista Road,Poway,92064,15,POWAY
La Jolla Country Day School,9490 Genesee Avenue,La Jolla,92037,12,UNIVERSITY
Foothills Christian High School,2321 Dryden Road,El Cajon,92020,34,EL CAJON
San Diego Jewish Academy,11860 Carmel Creek Road,San Diego,92130,13,DEL MAR-MIRA MESA
St. Francis of Assisi,525 West Vista Way,Vista,92083,52,VISTA
Vista Christian,290 North Melrose Drive,Vista,92083,52,VISTA
Tri-City Christian Schools,302 North Emerald Drive,Vista,92083,42,OCEANSIDE
Oceanside Adventist Elementary,1943 California Street,Oceanside,92054,42,OCEANSIDE
Warren-Walker School/La Mesa,5150 Wilson Street,La Mesa,91942,33,LA MESA
Christ the Cornerstone Lutheran Academy,9028 Westmore Road,San Diego,92126,13,DEL MAR-MIRA MESA
Encinitas Country Day School,3616 Manchester Avenue,Encinitas,92024,40,SAN DIEGUITO
Grace Academy,2731 Abedul Street,Carlsbad,92009,41,CARLSBAD
Cathedral Catholic High School,5555 Del Mar Heights Road,San Diego,92130,13,DEL MAR-MIRA MESA
Alpha and Omega Academy,135 East Ivy Street,Fallbrook,92028,55,FALLBROOK
Children's Creative and Performing Arts Academy,3051 El Cajon Boulevard,San Diego,92104,1,CENTRAL SAN DIEGO
Le Lyce Franais de San Diego,8401 Aero Drive,San Diego,92117,10,KEARNY MESA
Family Education Academy,3501 Secluded Lane,Fallbrook,92028,55,FALLBROOK
"Gillispie School, The",7380 Girard Avenue,La Jolla,92037,11,COASTAL
Mt. Helix Academy,5955 Severin Drive,La Mesa,91942,33,LA MESA
Notre Dame Academy,4345 Del Mar Trails Road,San Diego,92130,13,DEL MAR-MIRA MESA
Pacific Ridge School,6269 El Fuerte Street,Carlsbad,92009,41,CARLSBAD
Grace Christian School,643 West 13th Avenue,Escondido,92025,50,ESCONDIDO
Zion Christian School,1405 East Fallbrook Street,Fallbrook,92028,55,FALLBROOK
"Comprehensive Ed Svs, DBA: Aces Academy",3715 6th Avenue,San Diego,92103,1,CENTRAL SAN DIEGO
Southern California Yeshiva High School,3410 Mt. Acadia Boulevard,San Diego,92111,10,KEARNY MESA
Sierra School Of San Diego,6460 Boulder Lake Avenue,San Diego,92119,17,ELLIOTT-NAVAJO
Aseltine School,4027 Normal Street,San Diego,92103,1,CENTRAL SAN DIEGO
Children's Workshop,9524 Kearny Villa Rd.,San Diego,92126,13,DEL MAR-MIRA MESA
Cook Education Center,2255 Camino del Rio South,San Diego,92108,10,KEARNY MESA
Urban Skills Center,2225 Camino del Rio South,San Diego,92108,10,KEARNY MESA
Sam and Rose Stein Education Center,6145 Decena Drive,San Diego,92120,17,ELLIOTT-NAVAJO
South Bay Christian Academy,395 D Street,Chula Vista,91910,21,CHULA VISTA
Saint Joseph Academy,500 Las Flores Drive,San Marcos,92078,51,SAN MARCOS
Mt. Erie Christian Academy,504 S 47th St,San Diego,92113,5,SOUTHEASTERN SAN DIEGO
Victory Christian Academy,810 Buena Vista Way,Chula Vista,91910,20,SWEETWATER
Ramona Faith Academy,25152 E Old Julian Hwy,Ramona,92065,39,RAMONA
St. Gregory the Great Catholic School,15315 Stonebridge Parkway,San Diego,92131,17,ELLIOTT-NAVAJO
Village Gate Children's Academy,1613 Lake Drive,Encinitas,92024,40,SAN DIEGUITO
Bonita Learning Academy,3368 Bonita Road,Chula Vista,91910,20,SWEETWATER
Calvary Preparatory Academy,1740 La Costa Meadows Rd. STE 105,Escondido,92026,51,SAN MARCOS
High Bluff Academy,"5531 Cancha De Golf, Suite 202",Rancho Santa Fe,92091,14,NORTH SAN DIEGO
Redeemer by the Sea Lutheran Kindergarten and Preschool,6604 Black Rail Road,Carlsbad,92011,41,CARLSBAD
Tabernacle Christian Academy,1765 Pentecost Way,San Diego,92105,6,MID-CITY
Montessori Explorer,271 East J Street,Chula Vista,91910,21,CHULA VISTA
Berean Bible Baptist Academy,345 Fifth Avenue,Chula Vista,91914,21,CHULA VISTA
Lifetime Montessori School,14727 Camino de la Luna,San Diego,92127,14,NORTH SAN DIEGO
Maria Montessori School,4544 Pocahontas Avenue,San Diego,92117,10,KEARNY MESA
The Cambridge School,12855 Black Mountain Road,San Diego,92129,14,NORTH SAN DIEGO
Big Tree Little Preschool Kindergarten,1600 Buena Vista Drive,Vista,92081,52,VISTA
Sacred Woven Circle Academy,1034 Capistrano Dr.,Oceanside,92058,42,OCEANSIDE
St. Mary Star of the Sea Elementary,515 Wiconsin Avenue,Oceanside,92054,42,OCEANSIDE
Canyon Ridge Christian Prep,1200 Old Highway 395,Fallbrook,92028,55,FALLBROOK
Discovery Isle Child Development Center,"1655 South Ranch Santa Fe Road, Suite 101",San Marcos,92078,51,SAN MARCOS
Cal Coast Academy,18029 Pacifica Ranch Drive,Rancho Santa Fe,92091,40,SAN DIEGUITO
St. Martin of Tours Academy,7708 El Cajon Boulevard,La Mesa,91942,33,LA MESA
Fusion Academy Solana Beach,"512 Via de la Valle, Suite 201",Solana Beach,92075,40,SAN DIEGUITO
Del Mar Pines School,3975 Torrington Street,San Diego,92130,13,DEL MAR-MIRA MESA
Good Shepherd Catholic School,8160 Gold Coast Drive,San Diego,92126,13,DEL MAR-MIRA MESA
Grace Christian Schools-Mission Valley Christian Fellowship,6536 Estrella Avenue,San Diego,92120,17,ELLIOTT-NAVAJO
Brookshire International Academy,6926 Federal Blvd,Lemon Grove,91945,32,LEMON GROVE
Beta-Selam Academy,6429 Imperial Avenue,San Diego,92114,5,SOUTHEASTERN SAN DIEGO
Mindful Montessori School,625 Otay Lakes Rd. Building 1,Chula Vista,91913,20,SWEETWATER
St. Pius X,37 East Emerson St.,Chula Vista,91911,21,CHULA VISTA
Christian Junior/Senior High School,2100 Greenfield Drive,El Cajon,92019,34,EL CAJON
Saint Charles Borromeo Academy,2808 Cadiz Street,San Diego,92110,2,PENINSULA
The Koonings Center,12271 Oak Knoll Road,Poway,92064,15,POWAY
Saint John School,1003 Encinitas Boulevard,Encinitas,92024,40,SAN DIEGUITO
Bethel Academy,1200 East 8th Street,National City,91950,4,NATIONAL CITY
Fred Finch Youth Center,"3845 Spring Drive, Room 18",Spring Valley,91977,31,SPRING VALLEY
Francis Parker School,6501 Linda Vista Road,San Diego,92111,10,KEARNY MESA
Warren-Walker School,4605 Point Loma Avenue,San Diego,92107,2,PENINSULA
Our Lady's School,"650 24th Street,",San Diego,92102,1,CENTRAL SAN DIEGO
Francis Parker School,4201 Randolph Street,San Diego,92103,1,CENTRAL SAN DIEGO
Our Lady's School,1770 Kearney Avenue,San Diego,92113,1,CENTRAL SAN DIEGO
North County Christian School,"711 Center Drive, Suite 105-316",San Marcos,92069,51,SAN MARCOS
Futures Academy - Carlsbad,705 Palomar Airport Road,Carlsbad,92011,41,CARLSBAD
High Tech Elementary,2150 Cushing Road,San Diego,92106,2,PENINSULA
Pacific Trails Middle,5975 Village Center Loop Road,San Diego,92130,13,DEL MAR-MIRA MESA
Solana Ranch Elementary,13605 Pacific Highlands Ranch Parkway,San Diego,92130,13,DEL MAR-MIRA MESA
Design 39 Campus,17050 Del Sur Ridge Road,San Diego,92127,14,NORTH SAN DIEGO
Mater Dei Juan Diego Academy,1615 Mater Dei Drive,Chula Vista,91913,20,SWEETWATER
"Accelerated Academics, Inc.","6120 Paseo Del Norte, Suite L1",Carlsbad,92011,41,CARLSBAD
Balboa School,855 Brotherton Road,Escondido,92025,50,ESCONDIDO
Christian Elementary South Bay,"482 ""L"" Street",Chula Vista,91911,21,CHULA VISTA
Community School of San Diego,4764 Santa Monica Avenue,San Diego,92107,2,PENINSULA
Community School of San Diego High School,1984 Sunset Cliffs Boulevard,San Diego,92107,2,PENINSULA
Fusion Academy & Learning Center University City,"5060 Shoreham Place, Suite 130",San Diego,92122,12,UNIVERSITY
Kid's Town Montessori School,867 Sycamore Avenue,Vista,92081,52,VISTA
Lighthouse Christian Academy,1345 Skyline Drive,Lemon Grove,91945,32,LEMON GROVE
Reformation Lutheran Church and School,4670 Mount Abernathy Ave.,San Diego,92117,10,KEARNY MESA
San Diego Workforce Innovation High,"2 Euclid Avenue, Suite A",Borrego Springs,92004,63,ANZA-BORREGO SPRINGS
Empower,165 Roanoke Road,El Cajon,92020,34,EL CAJON
Muraoka (Saburo) Elementary,1644 Santa Alexia Avenue,Chula Vista,91915,20,SWEETWATER
Pacific Coast Academy,13915 Danielson Street #103,Poway,92064,15,POWAY
Escondido Adult,220 West Crest,Escondido,92025,50,ESCONDIDO
Mike Choate Early Childhood Education Center,407 South Mission Road,Fallbrook,92028,55,FALLBROOK
Foothills Adult Education Center,1550 Melody Lane,El Cajon,92019,34,EL CAJON
El Cajon Adult Center,1075 East Madison Avenue,El Cajon,92021,34,EL CAJON
Steele Canyon Adult Center,12440 Campo Road,Spring Valley,91978,30,JAMUL
Grossmont Adult,1550 Melody Lane,El Cajon,92019,34,EL CAJON
Spring Valley Academy,3900 Conrad Drive,Spring Valley,91977,31,SPRING VALLEY
Sparrow Academy,4207 Spring Gardens Road,La Mesa,91941,33,LA MESA
Poway Adult,13626 Twin Peaks Road,Poway,92064,15,POWAY
Ramona Adult,720 Ninth Street,Ramona,92065,39,RAMONA
Urban Discovery Academy Charter,840 14th Street,San Diego,92101,1,CENTRAL SAN DIEGO
San Diego Adult,4777 Imperial Avenue Room 407,San Diego,92113,5,SOUTHEASTERN SAN DIEGO
Montgomery Adult,3240 Palm Avenue,San Diego,92154,22,SOUTH BAY
San Ysidro Adult Education Center,4220 Otay Mesa Road,San Ysidro,92173,22,SOUTH BAY
Chula Vista Adult,1034 Fourth Avenue,Chula Vista,91911,21,CHULA VISTA
National City Adult,517 West 24th Street,National City,91950,4,NATIONAL CITY
Vista Adult,510 Sunset Drive,Vista,92081,52,VISTA
Carlsbad Adult Transition,6225 El Camino Real,Carlsbad,92009,41,CARLSBAD
Coastal Academy Charter,4096 Calle Platino,Oceanside,92056,42,OCEANSIDE
Double Peak,111 San Elijo Road,San Marcos,92078,51,SAN MARCOS
San Marcos Adult,158 Cassou Road,San Marcos,92069,51,SAN MARCOS
Learning Choice Academy - Chula Vista,"881 Kuhn Drive Suite, 106",Chula Vista,91914,20,SWEETWATER
Kidinnu Academy,1025 North Second Street,El Cajon,92021,34,EL CAJON
The Learning Choice Academy - East County,4215 Spring Street Suite 104,La Mesa,91941,33,LA MESA
Brookfield Engineering Science Technology Academy,1704 Cape Horn,Julian,92036,60,PALOMAR-JULIAN
JCS - Pine Valley,28876 Old Highway 80,Pine Valley,91962,61,LAGUNA-PINE VALLEY
San Diego Mission Academy,9512 Chesapeake Drive,San Diego,92123,10,KEARNY MESA
Pathways Academy Charter - Adult Education,100 East San Marcos Boulevard,San Marcos,92069,51,SAN MARCOS
High Tech Middle Mesa,5331 Mount Alifan Drive Building 400,San Diego,92111,10,KEARNY MESA
High Tech Elementary Mesa,5331 Mount Alifan Drive Building 200,San Diego,92111,10,KEARNY MESA
Diego Hills Central Public Charter,4348 54th Street,San Diego,92115,6,MID-CITY
Audeo Charter School III,200 East Via Rancho Parkway,Escondido,92025,50,ESCONDIDO
Diego Valley East Public Charter,511 North 2nd Street,El Cajon,92021,34,EL CAJON
JCS - Mountain Oaks,539 Encinitas Boulevard,Encinitas,92024,40,SAN DIEGUITO
Elite Academic Academy - Mountain Empire,3291 Buckman Springs Road,Pine Valley,91962,62,MOUNTAIN EMPIRE
America's Finest Charter,730 45th Street,San Diego,92105,5,SOUTHEASTERN SAN DIEGO
Vista Del Mar,4885 Del Sol Boulevard,San Diego,92154,22,SOUTH BAY
Pivot Charter School - San Diego II,1030 La Bonita Drive Suite 100,San Marcos,92078,51,SAN MARCOS
Valley Center-Pauma Adult,31322 Cole Grade Road,Valley Center,92082,53,VALLEY CENTER
High Tech High Mesa,5331 Mount Alifan,San Diego,92111,10,KEARNY MESA
Banyan Tree Foundations Academy - San Diego,3450 Clairemont Drive,San Diego,92117,10,KEARNY MESA
Coastal Christian Academy,4633 Doliva Dr.,San Diego,92117,10,KEARNY MESA
Community Transition Academy,625 Pennsylvania Avenue,San Diego,92103,1,CENTRAL SAN DIEGO
Lingua Natal,1104 Garden View Rd,Encinitas,92024,40,SAN DIEGUITO
New Haven School,216 West Los Angeles Dr.,Vista,92083,52,VISTA
Saint Mary - Saint Joseph Catholic School,322 Amparo Drive,Escondido,92025,50,ESCONDIDO
The Rhoades School,141 S. Rancho Santa Fe Road,Encinitas,92024,40,SAN DIEGUITO
JCS - Cedar Cove,777 Santa Fe,Encinitas,92024,40,SAN DIEGUITO
Imperial Beach Charter,525 3rd St,Imperial Beach,91932,22,SOUTH BAY
Logan Memorial Educational Campus,2875 Ocean View Blvd,San Diego,92113,1,CENTRAL SAN DIEGO
Mountain View,3550 Logan Avenue,San Diego,92113,5,SOUTHEASTERN SAN DIEGO
SBUSD Virtual Academy,525 Third Street,Imperial Beach,91932,22,SOUTH BAY
Surfside Academy,1125 South Ditmar Street,Oceanside,92054,42,OCEANSIDE
Oceanside Unified School District Adult Transition Program,707 Carey Road,Oceanside,92058,42,OCEANSIDE
Green Hills Learning Center,"2400 Fenton St., Suite 101",Chula Vista,91914,20,SWEETWATER
Foothills Christian Middle School,365 W. Bradley Ave.,El Cajon,92020,34,EL CAJON
Excelsior Academy,"7200 Parkway Drive, Ste 113",La Mesa,91942,33,LA MESA
Montessori Children's Elementary,703 9Th Street,Ramona,92065,39,RAMONA
Cristo Rey San Diego High School,1228 S. 38Th St.,San Diego,92113,5,SOUTHEASTERN SAN DIEGO
Via Talentum Academy,1041 Market St Ste 165,San Diego,92101,1,CENTRAL SAN DIEGO
Day Prep,7717 Fay Avenue,San Diego,92037,11,COASTAL
Banyan Tree Compass Academy,2675 Rosecrans St. .,San Diego,92106,2,PENINSULA
Warren-Walker Middle School,2231 Camino Del Rio South,San Diego,92108,10,KEARNY MESA
Japanese Academy of San Diego,4811 Mt. Etna Drive,San Diego,92117,10,KEARNY MESA
Beacon Christian Academy,3520 Mt. Acadia Blvd.,San Diego,92111,10,KEARNY MESA
Mission Valley Academy,4055 Camino del Rio South,San Diego,92108,6,MID-CITY
The Evans School,6510 La Jolla Scenic Drive S,San Diego,92037,11,COASTAL
Norton High School,"1106 Second Street, Suite 532",Encinitas,92024,40,SAN DIEGUITO
Tack International Academy,416 W San Ysidro Blvd L304,San Diego,92173,22,SOUTH BAY
Diegueno Country School,15663 Circo Diegueno Road,San Diego,92067,14,NORTH SAN DIEGO
Sanderling Waldorf School,2585 Business Park Dr,Vista,92081,52,VISTA
Discovery Isle Preschool,3791 Oceanic Way,Oceanside,92056,42,OCEANSIDE
West Coast Baptist School,1985 Peacock Blvd,Oceanside,92056,52,VISTA
California Accelerated Learning Institute,"3401 Piazza De Oro Way, Ste 300",Oceanside,92056,42,OCEANSIDE
Legacy Montessori School,12310 9th Street,Poway,92064,14,NORTH SAN DIEGO
iHigh Virtual Academy,3939 Conde Street,San Diego,92110,2,PENINSULA
Bostonia Global,1390 Broadway,El Cajon,92021,34,EL CAJON
Launch Virtual Academy,2710 Iris Avenue,San Diego,92154,22,SOUTH BAY
Catalyst Academy Chula Vista,1173 Hitching Post Ln,Chula Vista,91915,20,SWEETWATER
My Montessori School Coronado,801 Orange Avenue,Coronado,92118,3,CORONADO
Adventureland Christian Preschool,1305 Deodar Rd,Escondido,92026,50,ESCONDIDO
LifeBridge Preschool,17645 W Bernardo Dr,San Diego,92127,14,NORTH SAN DIEGO
My Room to Grow,13613 Cynthia Lane,Poway,92064,15,POWAY
LAT Online School Inc,420 Milagrosa Circle,Chula Vista,91910,20,SWEETWATER
La Jolla Learning Works,7730 Herschel Ave N,La Jolla,92037,11,COASTAL
Willow Ridge Academy,7507 Aegean Court,San Diego,92126,13,DEL MAR-MIRA MESA
Whittier Christian Schools- CSS,17130 Van Buren Blvd,San Diego,92111,10,KEARNY MESA
Scripps Montessori,9939 Old Grove Road,San Diego,92123,15,POWAY
Fresh Ed North/Fresh Ed Homeschool,8701 Paseo Bello,Santee,92071,35,SANTEE
LePort Montessori Solana Beach,1010 Solana Drive,Del Mar,92014,40,SAN DIEGUITO
The Winston School of San Diego,215 9th Street,Del Mar,92014,13,DEL MAR-MIRA MESA
Vista Training Program,2683 Foothill Drive,Vista,92084,52,VISTA
Seeds of Hope Academy,777 Santa Fe Drive,Encinitas,92024,40,SAN DIEGUITO
Rahib Academy,1209 Wyckoff St,Chula Vista,91913,20,SWEETWATER
Across Summercreek,2342 Summercreek Wy,Escondido,92029,50,ESCONDIDO
The Kingdom of Light,1355 E. Main St.  #314,El Cajon,92021,34,EL CAJON
10X Academy,725 N. Escondido Blvd,Escondido,92025,50,ESCONDIDO
Topview Academy,3843 Canonita Dr,Fallbrook,92028,55,FALLBROOK
WinterWarm Christian Academy,2131 Winterwarm Dr.,Fallbrook,92028,55,FALLBROOK
Arrow Academy,15322 Bandy Canyon Road,Escondido,92025,50,ESCONDIDO
Alpha and Omega Academy,"924 Santa Margarita Dr,",Fallbrook,92028,55,FALLBROOK
Abeka,988 Flint St,El Cajon,92021,34,EL CAJON
Inland Pacific Learning Academy,16891 Platinum Pl.,Lakeside,92040,39,RAMONA
Accelerated Teaching for Children in Homeschool,1331 Buckwheat Trail,Campo,91906,62,MOUNTAIN EMPIRE
Hope City,2169 Green Canyon Rd,Fallbrook,92028,55,FALLBROOK
Helix Montessori School,3941 Conrad Dr,Spring Valley,91977,31,SPRING VALLEY
Lighthouse Literacy Academy A Primary School,2705  Via Orange #A,Spring Valley,91978,31,SPRING VALLEY
Grace Christian School,10760 Thornmint Rd,San Diego,92127,14,NORTH SAN DIEGO
Valentina's World,"2650 Grove Street,",National City,91950,4,NATIONAL CITY
Hindi Langauge Program,16702 Summit Vista Dr,San Diego,92127,14,NORTH SAN DIEGO
CWB Academy,4184 Beyer Blvd Suit 201,San Ysidro,92173,22,SOUTH BAY
Steinbrenner Academy,517 Carolwood Dr,San Diego,92139,5,SOUTHEASTERN SAN DIEGO
Montessori School of La Jolla,6540 Soledad Mtn. Road,La Jolla,92037,11,COASTAL
The Whole Child Learning Center,6063 La Jolla Blvd,La Jolla,92037,11,COASTAL
Ambleside Academy,936 Miramar Drive,Vista,92081,52,VISTA
Rising Stars,600 West Broadway Suite 700,San Diego,92101,1,CENTRAL SAN DIEGO
Pa Dahring Academy,1081 7Th St,Imperial Beach,91932,22,SOUTH BAY
Casa Montessori de Carlsbad,3470 Madison Street,Carlsbad,92008,41,CARLSBAD
Boone Pioneer School,26439 Hwy.76,Santa Ysabel,92070,60,PALOMAR-JULIAN
LV Academy,2584 Wellspring St,Carlsbad,92010,41,CARLSBAD
Pamoosa Creek Academy,11401 Betsworth Road,Valley Center,92082,53,VALLEY CENTER
Arrow Academy,13826 Misty Oak Road,Valley Center,92082,53,VALLEY CENTER
Carmel Mountain Preschool,9510 Carmel Mountain Preschool Road,San Diego,92129,14,NORTH SAN DIEGO
Lemon Grove Academy Elementary,7885 Golden Avenue,Lemon Grove,91945,32,LEMON GROVE
Limitless Learning Academy,1400 West Ninth Avenue,Escondido,92029,50,ESCONDIDO
Fahari L. Jeffers Elementary,1145 Camino Prado,Chula Vista,91913,20,SWEETWATER
Lemon Grove Early Childhood Education Center,8425 Palm Street,Lemon Grove,91945,32,LEMON GROVE
Pacific Sky,6631 Solterra Vista Parkway,San Diego,92130,13,DEL MAR-MIRA MESA
Nipaquay Elementary,7900 Civita Boulevard,San Diego,92108,10,KEARNY MESA
Poway to Palomar Middle College High,11111 Rancho Bernardo Road,San Diego,92127,14,NORTH SAN DIEGO
Discovery Isle,11740 Creek Road,Poway,92064,15,POWAY
"TERI, INC. The Country School",3225 Roymar Road,Oceanside,92054,42,OCEANSIDE
Bright Horizon Academy,7202 Princess View Dr,San Diego,92120,17,ELLIOTT-NAVAJO
Albert Einstein Academy Charter Elementary,3035 Ash Street,San Diego,92102,1,CENTRAL SAN DIEGO
